Date,Tweet
2020-12-15 17:15:36+00:00,Awwwwwww akhirnya #StartUpEp16'
2020-01-05 00:43:01+00:00,"b""Don't miss hotel deals like these! Our price discovery engine works 24/7 to bring you the best hotel deals. Get FREE alerts now. https://t.co/3TyQ0ci8FT https://t.co/sNe7kutrxI"""
2020-12-15 13:11:00+00:00,Gaes penonton #StartUpEp16 #StartUpEp15 #startupep14 #StartUpEp9 episode berapa sih yg membuat kalian lebih semangat menjlani hidup... yg pesanny kek nyes banget.. soalny aku mau buat konten nih.... aku bingung..'
2020-12-15 02:58:45+00:00,Hayuu vaksin ya..\n\n#awalidengantaubat #StartUpEp16 #MaksiatSelaluBikinKehancuran #dingin\n#Dukungpemerintahatasicovid19\n#dukungkemajuanbangsa \n#dukungpemerintah\n#pemerintah #pandemi #InvestorPeduliNasibRakyat #Papua #PapuaNKRI #NKRI #2020Wrapped #SahabatBahari #pilkada2020 #COVID https://t.co/51ESRNFdRg'
2020-12-14 23:39:39+00:00,"b""Ya Rabbi... Stasiun berita bisa bahas drakor jga ternyata \xe2\x95\xa5\xef\xb9\x8f\xe2\x95\xa5\nPenting ya bahas kubu mana :') #petahanan atau #oposisi (?) \n\nApa kabar harga bahan pokok naik? (\xef\xbc\xb4\xe2\x96\xbd\xef\xbc\xb4) \n\n#XKWavers #demokrasiracuniperadaban #Xschool2021 #StartUpEp16 https://t.co/xVfHlYWzGP"""
2020-12-14 15:04:17+00:00,Akhirnya beres nonton #StartUpEp16 dan tetap istiqomah menjadi tim nam dosan \xf0\x9f\x99\x8f\xf0\x9f\x8f\xb
2020-12-14 11:37:27+00:00,"Bru abis cite Start Up smlm, ending tu aku mmg dh redha sngat2 dh.. Tpi satu prkara yg aku tak puas hati nya, si jeong sa-ha ckp nk ngaku yg chul san tu bf dia, tpi smpai akhir heret cite ckp nk buat.. Aku nk tngok jgak reaction kwan diorang cmne.. \n#StartUpEp16'"
2020-12-14 11:33:31+00:00,Baru bisa nonton endingnya skrg krna kemarin spoilernya jipyeong ttp jd sadboy jadi males nonton.\nTapi setelah nonton endingnya ternyata memuaskan sih. \nJipyeong bahagia dengan caranya sendiri walau tanpa dalmi \nAnak baik \xf0\x9f\xa5\xb0\xf0\x9f\xa5\xb0\n#StartUpEp16 https://t.co/zbKBNXpbJi'
2020-12-14 07:01:43+00:00,"Ternyata baju mereka sama ya wkwk\n#ThePenthouse \n#StartUp\n#TheKingEternalMonarch \n#ThePenthouseEp11\n#StartUpEp16\n#TheKingEternalMonarchEp15 \n\nAku selama ini overthinking habis liat start up ep 1, eh kok kek pernah liat bajunya in jae tp dimana ya?oh ternyata \xf0\x9f\xa4\xa3 https://t.co/k3BIL2IfPg'"
2020-12-14 04:09:36+00:00,Takleh move on lagi laaaaa \xf0\x9f\x98\xad\xf0\x9f\x98\xad\xf0\x9f\x98\xad\xf0\x9f\x98\xad\xf0\x9f\x98\xad\xf0\x9f\x92\x95\xf0\x9f\x92\x9e\xf0\x9f\x92\x93\xf0\x9f\x92\x96\xf0\x9f\x92\x98\xf0\x9f\x92\x9d #StartUpEp16 #StartUp #KimSeonHo #Suzy #HanJiPyeong #SeoDalMi #NamDoSan #NamJooHyuk #KangHanNa https://t.co/xPfSJ8Zj2s'
2020-12-14 00:24:50+00:00,Tolooong..aku ga bisa ketawa sendirian liat ini \xf0\x9f\x98\x82\xf0\x9f\x98\x82\xf0\x9f\x98\x82\xf0\x9f\x98\x82\xf0\x9f\x98\x82\xf0\x9f\x98\x82\xf0\x9f\x98\x82\n#timjipyeong \n#StartUpEp16 \n#KimSeonHo \n#Jipyeong https://t.co/n6ebxp6xih'
2020-12-13 17:19:17+00:00,@YEOJlNGO \xe2\x98\x85 : kalo diinget masih aja bikin ketawa pas scene pertemuannya han timjangnim sama yeongsil wkwk. semoga jingoo sukses selalu ya! \n\n#YeoJingoo on #StartUpEp16 is real'
2020-12-13 17:17:51+00:00,@YEOJlNGO Mau coba kali aja hoki.\n\n#YeoJingoo on #StartUpEp16 is real\xf0\x9f\xa4\x97'
2020-12-13 14:01:32+00:00,Udah bisa move on dari #StartUpEp15 &amp;\n#StartUpEp16 kok.\n\nSekarang bermaksud mantengin #MrQueenEp1 nya #KimJungHyun &amp; #ShinHyeSun yg bikin \xf0\x9f\x98\x86\n\nTapi tadi ga sengaja nemu spoiler #StartUpEp17 \xf0\x9f\x98\xad\nKan jadi baper akutu.\n\nBaca ini deh\nhttps://t.co/NgxrzZWDH
2020-12-13 13:10:34+00:00,Jika tokoh drama #Startup investasi di aset crypto mereka pilih aset apa ya? \nYuk kita ulas! \n\n#StartUpEp16 #HanJiPyeong\n#SeoDalmi #NamDoSan https://t.co/aqTISFEKBy'
2020-12-13 08:34:47+00:00,Yeo jin-goo... omo. \n\n#StartUpEp16'
2020-12-13 06:38:04+00:00,Ji-pyeong ah \xf0\x9f\xa5\xba\n\n#StartUpEp16 https://t.co/6yTWeMO7Hi'
2020-12-13 05:33:26+00:00,Bangke ini #StartUpEp16 sampe ga sadar keluar air mata gara2 In-Jae balik lagi jd marga seo ketika nenek nya udh gabisa ngeliat dia.'
2020-12-12 15:42:44+00:00,Han ji pyeong menjalani masa tua ~\n#StartUpEp16 \n#StartUp\n#korea\n#sandbox \n#timhanjipyeong https://t.co/DioznxyNwU'
2020-12-12 15:18:33+00:00,YEEAAAYY AKU BERHASIL NAMATIN SEMUA INI . . . #sambilmewek #StartUpEp16 https://t.co/4okYzj1LxG'
2020-12-12 15:06:13+00:00,"Ya Tuhan baru abis marathon nonton #UncannyCounter \nBuagguss buanget\nGenre thriller fantasy,karakter\xc2\xb2nya unik,ada ahjussi rasa Oppa,ada God-Sejeong yg makin cool aktingnya\xf0\x9f\xa5\xb0\nAlur male leadnya mirip Peter Parker cm lebih mistis lol\nNgobatin bete #StartUpEp16 ku rekomen drama ini\xf0\x9f\x98\x8e https://t.co/8I281h5cos'"
2020-12-12 15:01:56+00:00,"Start up ; done\n\n#StartUpEp16\n#TeamGoodBoy jujur walaupun menyakitkan\n#TeamNamDoSan setiap kritikan orang, ubah jadi motivation. https://t.co/W9OMmZ5XL9'"
2020-12-12 14:39:25+00:00,Gak bisa move on sama kata kata si nenek \xf0\x9f\x98\xad #StartUpEp16 https://t.co/2l0jKDAsZ6'
2020-12-12 13:38:17+00:00,"#StartUp Endingnya sesuai banget ama ekspetasi, ter luvv ama #StartUpEp16 , krn biasanya kalo nonton aku tu selalu jadi pihak yang bertolak belakang ama orang2 /tokoh utamanya, jadi suka nyesek sendiri krn beda ama pendapat org org , tapi fixx start up tau banget selera aku \xf0\x9f\x92\x9b https://t.co/nqXRxCa2ZR'"
2020-12-13 17:00:01+00:00,Next year could be decisive for the world \xf0\x9f\x8c\x8f. 2020 has taught us that we need to work together for a stronger response and show that we can build back better.\n\nJoin in. Be the change.'
2020-12-15 13:11:00+00:00,Gaes penonton #StartUpEp16 #StartUpEp15 #startupep14 #StartUpEp9 episode berapa sih yg membuat kalian lebih semangat menjlani hidup... yg pesanny kek nyes banget.. soalny aku mau buat konten nih.... aku bingung..'
2020-12-15 11:30:05+00:00,Yeorobuuunn... ingat baik2 seperti ini jwbnnya yaa kalau ditanya doi hehehhe Kalau hbs jwb gini trus doi lgsg nyipok berarti doi jg nonton #StartUpEp15 \xf0\x9f\x98\x82\xf0\x9f\x98\x82 https://t.co/Zxp8Lmcf2W'
2020-12-13 16:25:06+00:00,korban #StartUpEp15 https://t.co/XyXwUR52FN'
2020-12-13 14:01:32+00:00,Udah bisa move on dari #StartUpEp15 &amp;\n#StartUpEp16 kok.\n\nSekarang bermaksud mantengin #MrQueenEp1 nya #KimJungHyun &amp; #ShinHyeSun yg bikin \xf0\x9f\x98\x86\n\nTapi tadi ga sengaja nemu spoiler #StartUpEp17 \xf0\x9f\x98\xad\nKan jadi baper akutu.\n\nBaca ini deh\nhttps://t.co/NgxrzZWDH
2020-12-13 11:17:40+00:00,Akhirnya lnjutin #StartUpEp15 pdahal agak kecewa sih alesan in jae milih ibunya dan dal mi milih bpaknya gak dibahas https://t.co/OgKBu3J17O'
2020-12-13 05:36:56+00:00,jujur AKU NGERASA IKUT BAHAGIA JUGA\xf0\x9f\x98\xad\xf0\x9f\x98\xad\xf0\x9f\x98\xad #StartUpEp15 https://t.co/McYUEktMa9'
2020-12-13 05:36:13+00:00,"jujur gw nangis banget... di sini jipyeong kea uda ngiklasin cintanya sma dalmi.. kebayang ga si kalo kita jadi jipyeong? yang dlu nya dri sejak dia remaja ngirim"" surat ke dalmi trs jipyeong adlh cinta pertamanya dalmi.. SAKIT KAN hshsh ga kebyang si hshshs\n#StartUpEp15 https://t.co/UqnBxPccAh'"
2020-12-13 05:29:38+00:00,SALAH SERVER\xf0\x9f\x98\xad\xf0\x9f\x98\xad\xf0\x9f\x98\xad\n#StartUpEp15 https://t.co/O0mkroI4l8'
2020-12-12 05:21:30+00:00,"Bukan hanya Cinta, Benci juga butuh bukti..\n#1212Sale \n#TeamJiPyeong #StartUpEp15\n#Harbolnas1212 KECEWA Tinggi\n#RingkusRijikBasmiFPI\n#StopCopyPaste\n https://t.co/bIsCTIPgAu'"
2020-12-11 09:41:27+00:00,Seneng liatnya \xf0\x9f\xa4\x97\nOrang sukses banyak perjuangan nya \xf0\x9f\x92\xaa\xf0\x9f\x8f\xbc\n\n#StartUpEp15 https://t.co/fjN7Af8kjf'
2020-12-10 09:19:28+00:00,#teamdosan mana suaranya? #StartUpEp15 #NamJooHyuk https://t.co/E7pmrnpX0w'
2020-12-10 05:19:29+00:00,Bangke\n\n#StartUpEp15 #StartUp https://t.co/sz1uY7LZWE'
2020-12-09 17:15:49+00:00,"Sadboy moment again, dan ini puncakkknya :"""") HUHU pingin peluk Sangmunim, tapi Sangmunimnya gatau mau apa engga kalo ogut yang peluk:3\n\nEps. 15\n#StartUp #StartUpEp15 https://t.co/IEjWKzM9gY'"
2020-12-09 17:14:00+00:00,"b""Nak tengok ka nak qeyau ni :')) #StartUpEp15"""
2020-12-09 17:12:18+00:00,"Pada akhirnya, Dosan Dalmi ""nyatu"" lagi karena andil Anak Baik lagi:"""") gudboy become to be gudddmeen!\xf0\x9f\x92\x9b\n\nEps. 15\n#StartUp #StartUpEp15 https://t.co/P5erimwd7I'"
2020-12-09 17:06:04+00:00,"Abis putar puter samsan check di kamar Do-san, skrg malah ngejeledaagg! Di episode ini padahal dia lagi patah hati malah kocak, wk!\n\nEps. 15\n#StartUp #StartUpEp15 https://t.co/fC41L0nZBx'"
2020-12-09 17:02:38+00:00,Samsan cheeeckkkk! Cheeeckkk cheeckkk!\xf0\x9f\x92\x83 Em. Sangmunim? Sehat?! wk.\n\nEps. 15\n#StartUp #StartUpEp15 https://t.co/zOg81UUs7K'
2020-12-09 16:59:09+00:00,"Kusuka, kusuka, kusukaaaaa.. Aaaa\xe2\x9c\xa8 Kapalku dilayarkan oleh writerniiiim. Yuhuu!\xe2\x9b\xb5\xf0\x9f\x8c\x8a\n\n#StartUp\n#StartUpEp15 https://t.co/KtFcg8Dy8Q'"
2020-12-09 12:02:04+00:00,Bromance \xf0\x9f\x98\xb3\xf0\x9f\x98\xb3\xf0\x9f\x98\xb3\n#startupep15 #StartUp \n\nP. S: Ada penampakan. https://t.co/fMZaYPuiBi'
2020-12-09 10:57:22+00:00,Dipaksa Pulang? Sakitnya Tuh di Sini\n\n#YangAkuMau\n#RokokNaikRakyatPanik\n#hukumanbuatkoruptor\n#BubarkanOrmasPemecah\n#EnaaakkkTapiNendaaang\nAngin\nPernah\n#StartUpEp15\n#GangnamXMewGulfSS2\nBidadari\nPak Han\n https://t.co/KszB5VfCMe'
2020-12-09 10:18:29+00:00,Dipaksa Pulang? Sakitnya Tuh di Sini https://t.co/fy94OyiIKs\n#YangAkuMau \n#RokokNaikRakyatPanik \n#hukumanbuatkoruptor \n#BubarkanOrmasPemecah \n#EnaaakkkTapiNendaaang \nAngin \n#DPRDDKINAEKGAJI \nPernah \n#StartUpEp15 \n#GangnamXMewGulfSS2 \nBidadari \n#TimJiPyeong \n#DzalimnyaKebangetan'
2020-12-09 08:25:41+00:00,nam do san adalah aku #StartUpEp15 https://t.co/AT4DQCB3Pj'
2020-12-09 05:23:10+00:00,#StartUpEp15 \xf0\x9f\xa4\xa3\xf0\x9f\xa4\xa3\xf0\x9f\xa4\xa3\xf0\x9f\xa4\xa3\xf0\x9f\xa4\xa3 maaf tapi beneran kayak kasian banget sih kenapa skenario dia harus dibawa ke sana. Jujur kayak gabisa ya dikasih justice aja kakak jangan sad sad banget gitulah cakanim jebal \xf0\x9f\x98\xb5\xf0\x9f\x98\xb5\xf0\x9f\x98\xb5\xf0\x9f\x98\xb5\xf0\x9f\x98\xb5\xf0\x9f\x98\xb5\xf0\x9f\x98\xb5'
2020-12-09 05:00:43+00:00,BALSEM HERBAL PAK LULUK 40 gram #stroke #syaraf #kejepit #vertigo #keseleo #darah tdk lancar #asam urat seharga Rp. 28.000. Dapatkan produk ini hanya di Shopee! https://t.co/Yz3TRpxL6h #ShopeeID\n#pilkadaserentak2020 #SayNoToRacism #StartUpEp15 #StaySafe #Facebook #balsem https://t.co/72j78HH62c'
2020-12-09 03:28:01+00:00,masih gabisa move on dari drama startup apalagi yg eps 15\xf0\x9f\x98\xad\xf0\x9f\x92\x97\n\n#StartUpEp15 #StartUp'
2020-12-08 18:38:27+00:00,"\xe2\x80\x9cYasudah, ini semua cukup\xe2\x80\x9d \nnangis sya ga sanggup \xf0\x9f\x98\xad #StartUpEp15 https://t.co/cbQgzjiWVP'"
2020-12-08 15:52:01+00:00,Gak nyangkaaa udah punya tanaman ini dari lama \xf0\x9f\x98\xad (sorrygakbisanahankehebohanwkwk)\nKeingetan sama @nurulmgu thankyou!!!\n\n#StartUpEp15 #StartUp https://t.co/KQPyABLcsx'
2020-12-08 14:10:11+00:00,apakah kamu setuju ?\nhttps://t.co/gsv6DeiHtf\nLike &amp; komen ya gaes Trimakasih \xf0\x9f\x99\x8f\xf0\x9f\x98\x8a\n#stratup\n#StartUpEp15\n#CHANYEOLisBACK'
2020-12-07 14:09:17+00:00,best boy han ji pyeong #StartUpEp14'
2020-12-07 11:10:51+00:00,"gue gk liat, gue gk cembokurrr.... gue lg dgrin musik! sdgjlfaadjkhs #StartUpEp14 https://t.co/PeR5x66gZI'"
2020-12-07 08:52:43+00:00,hmm... iya itu aq #StartUpEp14 https://t.co/0RfGhsahCW'
2020-12-06 23:59:53+00:00,napakasinungaling talaga ni ji pyeong???? #StartUpEp14'
2020-12-06 16:31:13+00:00,#StartUpEp14 emang paling bener kalo di sekip! -__ #StartUpFinale https://t.co/kIanVLHvaC'
2020-12-06 16:22:55+00:00,Dal-mi kalau mau pacaran sama yang tangannya gede sama Hulk aja. #StartUpEp14'
2020-12-06 14:52:19+00:00,Pengen lanjut start-up garagara liat ini tapi apadaya yg ep 14 15 aja belom:(\n#StartUpEp16 \n#StartUpEp15 \n#StartUpEp14 https://t.co/lPlm9R2Bvk'
2020-12-06 14:44:07+00:00,mau ke sini \xf0\x9f\x98\xa9\xf0\x9f\x98\x8d\xe2\x9d\xa4\n\n#StartUp \n#StartUpEp14 \nhttps://t.co/iVtGIEoFnI'
2020-12-06 13:57:05+00:00,LUH ANO YAN NAM DO SAN???!!! BAKIT PARANG KASALANAN PA NI DALMI?!!!!!! #StartUpEp14'
2020-12-06 11:06:43+00:00,"kapal ini berlayar, lucu banget. Chulsan &amp; Saha \xe2\x9d\xa4\xf0\x9f\x98\x8d\n\n#StartUp \n#StartUpEp14 \nhttps://t.co/TLnfdddZC6'"
2020-12-06 10:54:43+00:00,"Pemandangan saat Do San di rumah paman bapaknya tuh cakep banget saat malem pun. \n\nNyalain api unggun, berdua sama Dalmi. Eh aku kan team Jipyeong, jangan oleng \xf0\x9f\x98\xad\xf0\x9f\x98\x8d\n\nDalmi, In Jae, Saha &amp; Trio Samsan nih kece lah. Banyakin scene bisnis gini kan seru \xf0\x9f\x98\x8d\n\n#StartUp \n#StartUpEp14 https://t.co/BZ48VkeF5r'"
2020-12-06 10:48:32+00:00,Trio Samsan ga balik ke Amerika. Mau buka bisnis di Korea. \n\nKasian In Jae baru tau kondisi nenek. Pengen keluarga ini kumpul lagi \xe2\x9d\xa4\xf0\x9f\x98\xad\n\n#StartUp \n#StartUpEp14 https://t.co/Qc2rWB54hc'
2020-12-06 10:11:01+00:00,"3 tahun. Ngak ngapa2in, kenama aja lu enceg gonodk. Ngambang aja di kali. #StartUpEp14'"
2020-12-06 03:50:38+00:00,ketika orang-orang berlomba-lomba ngetweet ss bagian dari drama #StartUp Dan memberikan opininya \n#StartUpEp13 #StartUpEp14 #StartUpEp15 #StartUpEp16 #StarTrekDiscovery'
2020-12-06 01:29:17+00:00,"Scene ini cantik &amp; romantis sekali. Digendong \xf0\x9f\x92\x91\xf0\x9f\x8c\x85\xf0\x9f\x8c\x89\xf0\x9f\x8d\x83\xf0\x9f\x8c\xb2\xf0\x9f\x98\x8d\xe2\x9d\xa4\n\nAku #TeamHanJiPyeong tapi ya baper liat ini \xf0\x9f\x98\xad\n\nBayangkan bangun pagi, dengan view gini. Suasana malem juga ga kalah keren. \xf0\x9f\x98\xad\xe2\x9d\xa4\n\nYA AMPUN JADI MAU NGINEP SITU \xf0\x9f\x98\x8d\n\n#StartUpEp14 \nhttps://t.co/dNT0Vs0nmk'"
2020-12-05 22:53:08+00:00,mohon maaf ini #StartUpEp14 ternyata wkwkw gue salah liat eps._.'
2020-12-05 19:55:54+00:00,Meski menyita waktu tidur sya tidak menyesali itu. baper teruss ahh #TimNamDosan \xf0\x9f\xa5\xba\xf0\x9f\x98\xaa\n#StartUpEp14 https://t.co/BfUijXqzpN'
2020-12-05 18:41:03+00:00,"Eps. 14\n\nNangisin cowok lain di depan cowok yang lo tau dia suka sama lo. \n\nDalmi cuma Dosan aja pikirannya. Perhatian kecil Jipyeong kayak gini ga berasa gimana gitu? \n\nGua yang nangis astaga, nyesek banget si Jipyeong \xf0\x9f\x98\xad\n\n#StartUp \n#StartUpEp14 https://t.co/gFT9OlfS4n'"
2020-12-05 18:18:30+00:00,APASIH JIPRET KDKDKSDKWDKWDKWKDWSDW #StartUpEp14 https://t.co/AKdn1sDVGp'
2020-12-05 16:22:08+00:00,"setelah #StartUpEp14 yang sedikit ngebosenin grgr bahas bucin doang, #StartUpEp15 dateng dengan punchlinenyaa wkwkw'"
2020-12-05 16:10:12+00:00,"Entering #StartUpEp14.\nManusia bisa gini, ya... https://t.co/S12Nt9gmnd'"
2020-12-05 14:47:41+00:00,Definisi patah hati dengan situasi masing-masing\n#StartUpEp14 #StartUp https://t.co/UJ9jPFkM4Z'
2020-12-05 14:36:14+00:00,Dah la. Ji-pyeong deserves better. In-jae pun boleh. Bagi lah Dal-mi tu kat Do-san. #StartUpEp14'
2020-12-05 14:21:28+00:00,Alaaa comel nya saha fengan chulsan ni \xf0\x9f\x98\x82 #StartUpEp14'
2020-12-05 13:57:56+00:00,"b""Gw abis nonton #StartUpEp14 buka twt lngsng ada ht #MMA_RIGGED_TREASURE. INI KNP WOY? Gw keong, anak paud gw tiba' trending"""
2020-12-05 13:42:44+00:00,Han Ji Pyeong hanggang dulo. #StartUpEp14'
2020-12-05 13:37:56+00:00,Ga mao lanjut nntn starup males..\nGa tega liat jipyong.\n#StartUpEp14'
2020-12-05 13:29:40+00:00,Seharusnya ada lebih banyak scene buat Kang Han Na/ In Jae di #StartUpEp14 pun scene dia sm nenek dikit banget \xf0\x9f\x98\xa2 \n\nPadahal actingnya bagus.'
2020-12-04 16:37:54+00:00,"Han Ji Pyeong : \n\n""Dia untukku\nBukan untukmu\nDia milikku\nBukan milikmu\nPergilah kamu\nJangan kau ganggu\nBiarkan aku\nMendekatinya""\n\n#timjipyeong \n#StartUpEp14\n#Drakor BTS vs BTS \n#StartUpEp15 \n#GFRIEND https://t.co/7xaBKQBauu'"
2020-12-04 13:55:46+00:00,Ottoke? Han Ji Pyeong \xf0\x9f\x98\x8d\xf0\x9f\x98\xad #KimSeonHo #HanJiPyeongTeam #StartUpEp14 https://t.co/EIcIxXbjue'
2020-12-04 12:52:31+00:00,Aku lebih suka liat mereka as second couple daripada liat Nam Do San &amp; Seo Dal Mi #StartUpEp14 https://t.co/auajq9ntDC'
2020-12-07 02:23:17+00:00,#StartUpEp13 (54:00) ang dahilan kung bakit karamihan ng ex ko ay IT...na malaki ang kamay! \xf0\x9f\xa4\xaa'
2020-12-07 01:18:35+00:00,"Nam Do San, 3 tahun di Silicon Valley, laptopnya GAK ganti? \n\n#StartUp\n#StartUpEp13'"
2020-12-06 16:22:55+00:00,"3 tahun cuma sebatas teman main gaplek pas lebaran, annying bgt :) #StartUpEp13'"
2020-12-06 13:52:28+00:00,"Menangkan iPhone 11 &amp; 10 JT Koin, Ayo Panen Pohon Tabungan! #StartUpeps15 #StartUpEp13 #StartUpEp16 hari sabtu #1212ShopeeBirthdaySale https://t.co/ZdgjpncvQc https://t.co/nia8DyeIC"
2020-12-06 08:13:26+00:00,"Selepas tengok #StartUpEp13 , saya rasa ji pyeong harus blah dan tidak perlu berharap pada dalmi lagi kerana kita boleh lihat dalmi masih menyimpan perasaan terhadap dosan lagi dan perkara ini telah membuatkan hati saya sangat bengang ye semua\xf0\x9f\x98\x8a\xf0\x9f\x98\x8a'"
2020-12-06 07:14:09+00:00,senengnya liat ini !!\ncompleted\xf0\x9f\x98\x8d\n\n#StartUpEp13 https://t.co/hxiGQf6tdI'
2020-12-06 05:07:46+00:00,"thanks banget eps13, cukup relate for me ehehe. hampir moveon, bahkan udah..tapi diketemuin tiba2. sucks\xf0\x9f\x98\xad\n#StartUpEp13'"
2020-12-06 04:31:34+00:00,"Begini prediksi #drakorclass ketika menantikan #StartUp #StartUpEp13 , intinya sih pak #HanJiPyeong kurang usaha! https://t.co/9ivRUwHBO4'"
2020-12-06 04:26:48+00:00,"namanya juga #drakor ya, tapi #drakorclass mulai bisa melihat alasan #Dalmi memilih #Dosan sejak #StartUpEp13'"
2020-12-06 03:50:38+00:00,ketika orang-orang berlomba-lomba ngetweet ss bagian dari drama #StartUp Dan memberikan opininya \n#StartUpEp13 #StartUpEp14 #StartUpEp15 #StartUpEp16 #StarTrekDiscovery'
2020-12-06 03:12:28+00:00,"Seandainya kita nggak menganggap #StartUpEp13 ada, dosan dan jipyeong punya kesempatan sama besarnya buat dapetin dalmi. Gue nggak bakal mau memihak siapapun seandainya itu kejadian. Ini pilihan hati dalmi aja sih. Bcs dua duanya sama baiknya kok'"
2020-12-06 03:12:25+00:00,"Heran aja di #StartUpEp13 saat semua karakter udah berkembang 3 tahun, eh kok pak han kayak nggak ada pergerakan gitu ya. Bayangin deh jipyeong eps 1-12 effort banget ke dalmi selama di sandbox. Um aneh gak sih saat pak han punya kesempatan 3 tahun tpi kayak gak terjadi apa apa?'"
2020-12-06 03:12:24+00:00,"Overall drama ini bagus banget ya menurut w. Tapi gue heran se heran herannya di #StartUpEp13 jujur aja gue #teamhanjipyeong. Karakter dia dari episode 1-12 kuat banget. Emosionalnya dapet, effortnya ke dalmi gak usah ditanya. Grafik perkembangan karakter jipyeong selalu naik'"
2020-12-06 03:12:24+00:00,Masih belum moveon. Ada apa di #StartUpEp13 ?'
2020-12-06 02:24:28+00:00,"Tiga tahun gak ngapa-ngapain mending jualan seblak aja gak sih, Pak Han?\n\nBukan Team Jipyeong, cuma ini kayak plot hole gak sih. Serius writernim kok kamu gini sih\xf0\x9f\x98\xad Rasa persainganya kurang #StartUpEp13 #StartUp https://t.co/LTxASkVhg0'"
2020-12-05 22:55:08+00:00,Berenti di eps 13. Entahlah.. ak merasa ga siap menerima kenyataan #StartUpEp13'
2020-12-05 22:17:00+00:00,"b""Fav quote :\n\n'kuharap aku bisa menjadi orang pertama ketika kamu merasa kesulitan'\n\n'orang pertama yang kamu pikirkan' #StartUpEp13"""
2020-12-05 13:33:50+00:00,"sejak #StartUpEp13 sebenernya udah pasrah bgt endingnya mau gimana, udah lempeng aja gitu nontonnya, lalu.. baca fans theory yg dukung jipyeong wkwk \xf0\x9f\x98\xad\xf0\x9f\xa4\xa3 masih boleh ngarep ga si hahah'"
2020-12-05 12:24:24+00:00,"b""I stopped at #StartUpEp13 and thats it! I sanggup tunggu JiPyeong's new drama as lead actor dari tengok sekarang tapi sakit hati. Malam ni baru nak tengok 2d1n \xf0\x9f\x98\x8d"""
2020-12-05 11:48:05+00:00,BALSEM HERBAL PAK LULUK 40 gram #stroke #syaraf kejepit #vertigo #keseleo #darah tdk lancar #asam urat seharga Rp. 28.000. Dapatkan produk ini hanya di Shopee! https://t.co/DC4fBNfzJg #ShopeeID\n#StartUpEp13 #StaySafe #Covid_19 #balsem #herbal #Instagram #Pilkada4HariLagi https://t.co/ncjCCGfL6c'
2020-12-05 11:08:45+00:00,SEKETIKA KAGETT \xf0\x9f\x98\xb6\xf0\x9f\x98\xb1 BTWW MIRIPZZZ KHAN??? #StartUpEp13 https://t.co/52SoeFdoxd'
2020-12-05 09:44:24+00:00,Belajar dulu sebelum temani mama nonton drakor #StartUpEp13 https://t.co/6sJ9goIXPH'
2020-12-05 09:31:24+00:00,kalian tim siapa?\n\n#namdosanteam #HanJiPyeongTeam #StartUpEp13 https://t.co/cgWmrnCToH'
2020-12-05 07:15:56+00:00,Wahh emosi sekali nonton #StartUpEp13 \xf0\x9f\xa4\xaf'
2020-12-05 06:45:34+00:00,GA KUATTTTTTTTTT \n\n#StartUpEp13 #TeamJiPyeong https://t.co/w8txmosa6A'
2020-12-05 04:12:27+00:00,Dari episode #StartUpEp13 gue cuma pokus ke kamu kamu kamu wkwkwkw . Intinya PAK HAN selalu dahh . Yg lain gue skip :))) #KimSeonHo3Mparty #StartUpEp15 https://t.co/MXTBoi5Ucv'
2020-12-05 03:35:12+00:00,BALSEM HERBAL PAK LULUK 40 gram #stroke #syaraf kejepit #vertigo #keseleo #darah tdk lancar #asam urat seharga Rp. 28.000. Dapatkan produk ini hanya di Shopee! https://t.co/9Hljre6kpX #ShopeeID\n#StartUpEp13 #Instagram #Facebook #seventeen #BreakingNews #balsem #herbal https://t.co/w18MmxuCgQ'
2020-12-05 02:53:57+00:00,"Pak Han ""jahatnya"" gitu doank? Ha ha\n#StartUpEp13'"
2020-12-05 02:21:20+00:00,"Jadi semngat baca nih, kalo lihat pak han ji begini. Kalo kalian gimana nih sobat bibli? \n\n#HanJiPyeongTeam \n#StartUp \n#StartUpEp13 \n#drakor\n#baca \n#bibliosmia https://t.co/NRPXQE8ehk'"
2020-12-04 13:23:25+00:00,"Okelah misalnya Jipyeong memang berjodoh sama In-Jae. Nah, Writer Nim ini bakal membuat alurnya seperti apa. Masa tiba-tiba loncat kayak #StartUpEp13 ? Cukuplah episode terburuk itu terjadi sekali saja.'"
2020-12-04 11:21:00+00:00,"#StartUpEp13 \n\nSandbox itu terinspirasi dr ayahnya seo dalmi yg bikin kotak pasir buat dalmi pas jatoh main ayunan. Tapi menurut gue, yg jadi Sandbox bagi dalmi adalah In Jae. Dia yg menopang dalmi pas jatoh krn samsantech bubar setelah diakuisisi'"
2020-12-04 11:04:59+00:00,Check-in tiap hari dan menangkan 60JT Koin Shopee! Ayo main #ArisanShopee sekarang! KHUSUS YG SERIUS CHECK IN TIAP HARI! :) #shopeegot7 #JISUNG #StartUpEp13 https://t.co/kTHkoLlvnF https://t.co/aWwEFw19wH'
2020-12-03 17:43:39+00:00,Setelah nonton Drakor start up sepertinya ada beberapa kemungkinan :\n1.dal-mi &gt; do-san\n2.dal-mi &gt; ji-pyeong\n3.ji-pyeong &gt; won -injae\n4.ji-pyeong &gt; nenek choi won\nHAHAHA\n\n#StartUpEp14 \n#StartUpEp13'
2020-12-03 15:42:58+00:00,"Dalmi mau nelpen jipyeong, ehh dosan nelpon dalmi. Nyesek euy \xf0\x9f\xa4\xa7\n\n#StartUpEp13'"
2020-12-03 15:17:41+00:00,Terusin jgn terusin jgn terusin jgn terusin jgn? ak sbg tim han ji pyeong merasa malas untuk ngelanjutin nnton. #StartUpEp13'
2020-12-03 14:07:28+00:00,#StartUpEp13\n\nSana maging masaya kayong dalawa. https://t.co/SNKlPQOrK8'
2020-12-03 11:36:54+00:00,Dosan yg ketemu Dalmi napa jadi gue yg dugun dugun \xf0\x9f\x98\x82\xf0\x9f\x98\x82 #StartUpEp13'
2020-12-07 16:14:23+00:00,b'Gemes bgt #Jipyeong gamau jabat tangan\xf0\x9f\x98\x82 #StartUpEp16 https://t.co/2iQPFiYdRq'
2020-12-07 16:10:44+00:00,b'Seumuran emang beda\xe2\x9d\xa4\n#DoDalCouple #dodalendgame #StartUpEp16 https://t.co/WjPoHsJ2HG'
2020-12-07 16:08:37+00:00,"b'Terimakasi sudah mengajarkan tentang kehidupan, berjuang dari 0, menyayangi dan mengiklaskan.\nThank you, good boy\xf0\x9f\x92\x95\n#TimJiPyeong #HanJiPyeong \n#StartUpEp16 https://t.co/UrWY93wXet'"
2020-12-07 16:08:28+00:00,"b'Dari mereka berdua di #StartUpEp16 , gua semakin yakin akan satu hal...\n\n\xe2\x80\x9cBersedekah itu penting.\xe2\x80\x9d https://t.co/BB7Fy3pGa3'"
2020-12-07 16:05:34+00:00,"b'#StartUpEp16 bagiku endingnya normal aja sih karena kebanyakan drakor rata rata gitu endingnya, selalu ingin membuatku berkata ""season 2 please"" haha, jadi untuk kekurangan kelebihan bagiku fine sajaa \nJust in my opinion-'"
2020-12-07 16:00:47+00:00,b'Lol #StartUpEp16 sarkas agamanya mantul suka bet'
2020-12-07 15:59:52+00:00,"b'So, yang nonton Start Up udah mulai kebayang blm, potensinya ke Enginner or CEO? udah banyak ilmunya kan hehe\n#StartUpEp16'"
2020-12-07 15:56:04+00:00,b'Lebih sakit liat do san atau ji pyeong? TEAM MANA NIHH?? #NamJooHyuk #NamDoSan #KimSeonHo #HanJiPyeong #SuzyBae #SeoDalmi #StartUp #StartUpEp16 #StartUpEp15 #kdrama https://t.co/sC7WIhVS24'
2020-12-07 15:55:39+00:00,b'Eps.16 startup nangeesss seruuu bgtt\xf0\x9f\xa5\xba\xf0\x9f\x92\x96\xf0\x9f\x92\x96 #StartUpEp16 #NamDoSan'
2020-12-07 15:50:26+00:00,b'Wkwkkwkwk the real beda server.\n#StartUpEp16 https://t.co/KDfACKax8D'
2020-12-07 15:49:20+00:00,"b'Pada akhirnya kenangan kalah dengan kenyataan. Kalau dipikir2 kasian JiPyeong, nggak punya siapa2, sendirian :\xe2\x80\x99) #StartUpEp16'"
2020-12-07 15:48:09+00:00,"b'Ini sih adegan tersedih,aaaaaa\xf0\x9f\xa5\xba\xf0\x9f\x98\x82samsan tech,gila scene ini lebih sedih daripada pak han mon maap\xf0\x9f\x98\x82 \xf0\x9f\x98\xad #StartUpEp16 #samsantech https://t.co/2L9hkjtEwR'"
2020-12-07 15:46:52+00:00,"b'#StartUpEp16 pas bagian keluarga Seo akhirnya nyatu lagi di rumah Halmeoni, si opung boru\n\naku tak kuasa lah menahan rasa haru, huaaa'"
2020-12-07 15:44:45+00:00,b'Adegan yang paling buat cekikikan sendiri itu ekspresi In Jae lihat maskaranya luntur padahal Ia mengaku tidak menangis dan saat Do San dan Dal Mi berdoa di gereja.\n\n#StartUpEp16 https://t.co/PaxqQQStWg'
2020-12-07 15:42:09+00:00,b'Ikut berbahagia\n.\n#StartUp #StartUpEp16 https://t.co/YaoLRhCN7U'
2020-12-07 15:40:44+00:00,"b'Hahaha akhirnya yongsil berwujud manusia jadi cameo\xf0\x9f\x98\x82\xf0\x9f\xa4\xa3 Alhamdulillah pak han baiknya konsisten, skrg nyantunin anak yatim piatu. Emang malaikat bgt pak han\xf0\x9f\x99\x82\xe2\x9d\xa4\xef\xb8\x8f\n#StartUp #StartUpEp16 https://t.co/aLzhlppWBq'"
2020-12-07 15:40:20+00:00,"b'""samsan check"" terus dia muter muter wkwkwk\xf0\x9f\x98\x82\xf0\x9f\xa4\xa3\n\n#StartUpEp16 #TimJiPyeong #Kimseonho https://t.co/JD0psr0v2h'"
2020-12-07 15:38:51+00:00,b'Ji pyeong bener bener tipikal cowo kesayangan akuuu\xf0\x9f\x98\xad\xf0\x9f\x91\x8d\xf0\x9f\x8f\xbb\xf0\x9f\x98\x8d tapi dosan bener bener cowo idaman kalo jadi cewenyaa jiahahah #StartUpEp16'
2020-12-07 15:35:26+00:00,b'Baru bisa nyelesain skrg:( aaaakkkkkkk happy ending dong dosan dalmi\xf0\x9f\xa4\xa9 #TimDoSan dari awal wkwkkwk udh ahhh selesai perselisihan ini wkwk Terimakasih Pak Han sudah jd org yg baik ampe akhir \xf0\x9f\x98\x9a apa tdk mau sama injae aja wkwkwk bagusss bgt dramanya\xf0\x9f\x98\xad #StartUpEp16 https://t.co/NJWc7JCQeO'
2020-12-07 15:32:05+00:00,"b'Episode Terakhir\nFav scene ku setiap jipyeong ketemu nenek, walaupun banyak bawangnya:""))) \n#StartUpEp16 https://t.co/pO74IOeuM2'"
2020-12-07 15:31:45+00:00,"b'Jujur aku diteamnya dosan, tapi aku juga diteamnya han jpyeong, karena banya banget yang aku pelajari dari kata yang dia ucapkan baik kata mengritik,Saran bahkan tentang bagaimana mengiklahkan orang yang dia suka bahagia sama orang lain.\n#TimJiPyeong\n#NamDoSan \n#StartUpEp16 https://t.co/NDCOtGnso7'"
2020-12-07 15:30:22+00:00,"b'Bukan suka HJP krn kerelaan dia untuk melepaskan, tp krn memaknai walau sendiri tapi bs bertahan,berjua, sukses. #KimSeonHo anda sudah layak &amp; spantasnya dapat kepopuleran. #StartUpEp16 . Tidak masalah tidak menang di hati Dalmi, tp juara di hati rakyat pendukung HJP #TimJiPyeong'"
2020-12-07 15:29:37+00:00,b'ini scene terngakak si\xf0\x9f\xa4\xa3 #StartUpEp16 https://t.co/FZ22S9EoQV'
2020-12-07 15:28:37+00:00,b'#StartUpEp16 Jipyeong ga digambarkan sedih kok. Happy ending sebenernya #TeamJiPyeong https://t.co/58SuMLqFmf'
2020-12-07 15:28:23+00:00,b'katawa katawa nalang hahahaha #StartUpEp16 https://t.co/vD7BBVmPGc'
2020-12-07 15:28:15+00:00,b'HAHAHA izza disastah #StartUp #StartUpEp16 \n\nCTTO https://t.co/FIjyjaLIsf'
2020-12-07 15:28:04+00:00,"b'Udh abiss aja nii drama\xf0\x9f\x98\xad\xf0\x9f\x98\xad ini dramaa beneran dah bagus bgt,bnyak yg bisa diambil pesannya,klo nonton start up gw jdi terpacu semangat untung kejar mimpi ditambah soundtrack nyaa yg pas bgtt wkw, bakalan kangen sii sama pemain""nya apalagi tim samsan tech\xf0\x9f\x92\x9c\n\n#StartUpEp16 https://t.co/Y5v5CXatfl'"
2020-12-07 15:27:03+00:00,b'Keren bgt sih ini scene menurut ku. Walopun yah dalmi ga jd sm ji pyeong. But its an epic final \xf0\x9f\x91\x8c\xf0\x9f\xa5\xb3 #StartUpEp16 https://t.co/lxdfo2jKkj'
2020-12-07 15:26:11+00:00,b'Bener bgt Start-Up untuk drama ini penjalasan ttg inti masalahnya hampir smua ngga ada..\nTp alur antara Do-san Dal-mi and Ji-pyeong menutupi segalanya wkwk\n#StartUpEp16 #StartUp #StartUpFinale https://t.co/z3R8wKIQri'
2020-12-07 15:21:48+00:00,"b'Drama #StartUpEp16 udh happy ending, yuk sekarang kita mulai drama menuju utbk sbmptn yg bisa dihitung bbrp bulan lagi. Semoga happy ending juga \xf0\x9f\x98\x8d'"
2020-12-07 15:17:55+00:00,"b'Padahal beberapa hari yg lalu baru ngeh klo suara yeongsil itu jin goo, berarti udh nye poiler nih pd nim nya wkwk bakal jdi cameo\n#StartUpEp16'"
2020-12-07 15:17:45+00:00,b'after tastenya gk enak bgt \xf0\x9f\x98\xb5\xf0\x9f\x98\xb5\xf0\x9f\x98\xb5\n#StartUpEp16 #TimJiPyeong'
2020-12-07 15:14:59+00:00,b'terus kenapa ada jingoo ya #StartUpEp16'
2020-12-07 15:14:29+00:00,"b'#StartUpEp16 Mau sama Ji Pyeong atau Do San, Dal Mi beruntung bgt. Dah.'"
2020-12-07 15:14:10+00:00,"b'Sosok "" star ""di startup adalah halmeoni, krn beliau mengajarkan ketulusan, kasih sayang, dan kesabaran \xe2\x99\xa5\xef\xb8\x8f \ntanpa dia mereka semua mgkin tidak bertemu \nPaling ingat bgt scene pertemuan halmeoni dan han ji pyeong dtengah hujan dan meminta ji pyeong tinggal ditokonya \n#StartUpEp16 https://t.co/3wJl6SvMcA'"
2020-12-07 15:13:48+00:00,"b'Ditunggu drama atau comeback solonya ya mbak suzy, btw knpa gw baru nyadar klo nam joo hyuk jga pernah satu drama ama kang hanna di moon lovers, klo kim seon ho tau nya baru main di start up doang huwaaa kudu ngikutin drama"" barunya nih \xf0\x9f\x98\xad\n#StartUpEp16'"
2020-12-07 15:13:13+00:00,"b'Untuk pertama kali, update foto tentang drakor. Happy ending dan emang sebagus itu ni drama. Dibalik ceritanya yg bagus skrg sadar gara2 drama ini. Dunia bisnis ternyata kek gt ya\xf0\x9f\xa5\xba #StartUpEp16 #TeamDosan https://t.co/H0pTFAwcMo'"
2020-12-07 15:12:29+00:00,"b'Mcm tu je ke ending Start Up ? Erghhhhh benci Nan Do San ! Patut Mr Han dgn Dal Mi , tapiii Dal Mi suke Do San . Haisshh \xf0\x9f\x98\xaa #StartUpEp16'"
2020-12-07 15:11:36+00:00,b'ya ampun baru aja selesai eps 16 gabisa moveon dari nih dramaa\xf0\x9f\x98\xad\xf0\x9f\x98\xad\n#StartUpEp16\n#StartUp https://t.co/g9uTtrl1FT'
2020-12-07 15:10:31+00:00,"b'Gimana ini, gw mo nangis mulu gara-gara Start Up udh tamat, kek Crash Landing On You jga gtu gw sedih"" mulu, bakal butuh waktu seminggu buat move on. \nEh, tp tenang nunggu drama True Beauty aja ^^ \xf0\x9f\x98\x9a\n#StartUpEp16'"
2020-12-07 15:09:55+00:00,b'Nam Do San got Seo Dalmi but Han Ji Pyeong got us \xf0\x9f\xa5\xb0\n#HanJipyeong #StartUpEp16 #StartUp https://t.co/0alwYtKH7a'
2020-12-07 15:09:08+00:00,b'Gue jg berharap mreka jadian :v\n#TimJiPyeong \n#StartUpEp16 https://t.co/IiKiQxUkpj'
2020-12-07 15:07:42+00:00,b'BEST DRAMA DI AKHIR TAUN \xf0\x9f\x98\xad\xf0\x9f\x98\xad #StartUpEp16 https://t.co/VPdHjve4EE'
2020-12-07 15:07:36+00:00,b'Uwuu Hepiending\n#TeamNamDoSan #StartUpEp16 https://t.co/61uyI9te3o'
2020-12-07 15:07:35+00:00,b'Ternyata #StartUpEp16 tidak terlalu menjengkelkanji. Untungna tdk adaji adegan nikahnya soe dalmi sama nam do san wkwkwk. Han jipyeong sampai mati!'
2020-12-07 15:07:33+00:00,b'Tamat sudah #StartUpEp16 #StartUp https://t.co/rHeSCM2zQh'
2020-12-07 15:06:08+00:00,b'Terima kasih #StartUpEp16'
2020-12-07 15:05:56+00:00,b'Anyway suka bnget sama endingnya \xf0\x9f\xa4\x97\xf0\x9f\xa4\x97\n#StartUpEp16 https://t.co/AEUnKVpKhM'
2020-12-07 15:04:28+00:00,"b'kelar sudah, drakor pemecah belah dunia \xf0\x9f\x98\x82 #StartUpEp16 #StartUp #HanJiPyeong #HanJiPyeongTeam https://t.co/PbGx8iRIA2'"
2020-12-07 15:01:01+00:00,"b'AND NOW JUST FINISHED WATCHING #StartUpEp16! Akhirnya kelar juga \xf0\x9f\x8e\x89 Beruntung bgt aku kali ini ga kena SLS jadi nontonnya bener2 objektif dan bisa enjoy \xf0\x9f\xa4\xad suka scene2 di final ini, ga terlalu maksain alurnya trus tiap tokohnya juga udh dpt porsi yg pas\xf0\x9f\x91\x8c\xf0\x9f\x8f\xbc epilognya juga keren \xf0\x9f\x92\x96 https://t.co/tk3GDQ5SD8'"
2020-12-07 15:00:08+00:00,"b'""Berdoalah maka kamu akan mewujudkannya""\n\n#StartUpEp16 #StartUp #Suzystartupost'"
2020-12-07 15:00:06+00:00,"b'Gw nntn star up karna gatahan banyak bat spoiler yg lewat di sosmed, eh pas nntn ga sadar kalo udh pengen abis:""\n-\nJip Yeong pakabar?\n#TimJiPyeong #StartUp #StartUpEp16 https://t.co/7YWol335mE'"
2020-12-13 17:00:01+00:00,b'Next year could be decisive for the world \xf0\x9f\x8c\x8f. 2020 has taught us that we need to work together for a stronger response and show that we can build back better.\n\nJoin in. Be the change.'
2020-12-07 14:57:48+00:00,"b'""Level tertinggi mencintai adalah melepaskan"" -han ji pyeong\n\n#TimJiPyeong #StartUpEp16'"
2020-12-07 14:57:39+00:00,"b'Cewe tuh emang butuh cowok yg gercep,yg jelas dan berani action kaya nam do san. Ketikungkan lu jadinya han ji pyong lelet banget si kek kura2 \xf0\x9f\x98\xad\n#StartUpEp16 \n#NamDoSan https://t.co/RXXd7I2KII'"
2020-12-07 14:55:56+00:00,b'Ngeditnya susah tolong di rt sama di like \n\nAku #TimDoSan karena #HanJiPyeong punya aku \n\nMaaf ga ngundang\nLagi corona soalnya hwhw\n#StartUpEp16 \nDia yg maksa pake #adatsunda aja padahal aku yg ke korea juga gapapa tapi kekeuh mau ke bandung diateh https://t.co/ZeVZaCopPD'
2020-12-07 14:55:05+00:00,"b'Btw ini beneran nanya, emang warna bibirnya si cowok2 itu alami atau mereka pakai lip tint sih? #StartUpEp16 #StartUpFinale #SeriusNanya'"
2020-12-07 14:51:56+00:00,b'Adakah Han Ji Pyeong di dunia nyata? Memberi kesempatan walau dengan cara yg pahit. #StartUpEp16 #StartUpFinale'
2020-12-07 14:49:53+00:00,b'Karena #TimJiPyeong dan #TimDosan membuat ku pusing. Jadi aku putuskan untuk ke #TimYongSan :v\n#StartUpEp16 https://t.co/2433a4GGsz'
2020-12-07 14:48:10+00:00,b'MENANGIIISSS \xf0\x9f\x98\xad\xf0\x9f\x98\xad\xf0\x9f\x98\xad\xf0\x9f\x98\xad\xf0\x9f\x98\xad\n#StartUpEp16 https://t.co/cMa6YhteMI'
2020-12-07 14:47:09+00:00,"b'Ada yang ngeuh gak si, kalo si ko gil-dong (nama perusahaan utk orphan) di #startupep16 adalah karakter yg ada di kaosnya han ji-pyeong pas nginep dirumah dalmi. Detail\xe2\x9c\xa8 https://t.co/ASA4lKeZb1'"
2020-12-07 14:46:18+00:00,b'Ji-pyeong\xf0\x9f\x98\xad\xf0\x9f\x98\xad\xf0\x9f\x98\xad\xf0\x9f\x98\xad\xf0\x9f\x98\xad\xf0\x9f\x98\xad\xf0\x9f\x98\xad\xf0\x9f\x98\xad\xf0\x9f\x98\xad\xf0\x9f\x98\xad\xf0\x9f\x98\xad\xf0\x9f\x98\xad\xf0\x9f\x98\xad\xf0\x9f\x98\xad\xf0\x9f\x98\xad #StartUpEp16'
2020-12-07 14:46:12+00:00,b'Aaaahhhh tapos naaa \xf0\x9f\xa5\xba\xf0\x9f\xa5\xba\xf0\x9f\xa5\xba\n#StartUpEp16 https://t.co/OLlejWS5md'
2020-12-07 14:45:59+00:00,"b'Ya iyalah, wong tiap hari lu dengar suaranya dari bangun pagi sampe mau tidur lagiiiii\n\n#StartUpEp16 https://t.co/t30Q7h85j7'"
2020-12-07 14:43:45+00:00,b'malah lebih tertarik sama personality dan cerita perjuangan hidupnya han jipyeong yang sendiri tanpa keluarga sahabat pasangan and of course u deserve u worth for ur happy ending\n#ThankYouJipyeong #TeamJiPyeong #StartUpEp16 https://t.co/gk5qdoPFpo'
2020-12-07 14:43:39+00:00,"b'Paling suka dengan karakter nenek dan Han Ji Pyeong.\nSaat semua orang lagi tertawa bahagia, nenek benar ingat dan sadar kalau Ji Pyeong pasti sedang bersedih sendirian. Pakaian nenek aja tetap, tidak berubah. Berarti nenek langsung jalan ke rumah Ji Pyeong dah.\n\n#StartUpEp16 https://t.co/MIgbyOor5Y'"
2020-12-07 14:43:07+00:00,b'#\xeb\xb0\xb0\xec\x88\x98\xec\xa7\x80 #\xec\x88\x98\xec\xa7\x80 #SUZY #\xec\x8a\xa4\xed\x83\x80\xed\x8a\xb8\xec\x97\x85 #StartUp #\xec\x84\x9c\xeb\x8b\xac\xeb\xaf\xb8 #\xeb\x82\xa8\xec\xa3\xbc\xed\x98\x81 #NAMJOOHYUK #Dalmi #Dosan #\xeb\x8f\x84\xeb\x8b\xac #ThankYouDodal #StartUpEp16\n\nGOOD JOB SUZY JOOHYUK https://t.co/JBzvHhRvJt https://t.co/qTwDQOAmf0'
2020-12-07 14:43:04+00:00,b'Banjir bandang \xf0\x9f\x98\xad\xf0\x9f\x98\xad #StartUpEp16 #StartUpFinale'
2020-12-07 14:42:56+00:00,b'Tapi mon maap #StartUpEp16 jelek\xf0\x9f\x91\x8e\xf0\x9f\x8f\xbb\xf0\x9f\x91\x8e\xf0\x9f\x8f\xbb\xf0\x9f\x91\x8e\xf0\x9f\x8f\xbb'
2020-12-07 14:42:30+00:00,b'Setelah menghabiskan #StartUpEp16 ku sangat ingin memberi ji pyeong cinta yg sesungguhnya \xe2\x9d\xa4\nHe deserve a pure love'
2020-12-07 14:42:24+00:00,b'Han Ji Pyeong deserve better\xf0\x9f\xa5\xba\n\nya walaupun teamjipyong kalah tapi drama ini keren parah ga nyesel si nonton \xf0\x9f\x94\xa5\xf0\x9f\x94\xa5\n#StartUpFinale #ThankYouJipyeong #TeamJiPyeong #StartUpEp16 https://t.co/BfkG9Rz5FJ'
2020-12-07 14:41:33+00:00,b'Males beeuuuttt guweeee #StartUpEp16'
2020-12-07 14:41:31+00:00,b'#TimJiPyeong pas tau endinngya dalmi sama dosan menikah. Gue gak mau liat episode terakhir #StartUpEp16 . Wkkwkwk'
2020-12-07 14:40:13+00:00,"b'Dari jipyeong kita belajar bahwa kevel tertinggi mecintai adalah mengikhlaskan,. Dan investasi paling baik adalah sedekah..\nGpp jipyeong ga sama dalmi karna dia pantes dapet yang lebih dari dalmi..\n\n#TimJiPyeong \n#StartUpEp16 https://t.co/QLNonFQW2e'"
2020-12-07 14:38:28+00:00,b'Camtu je ending dia #StartUpEp16'
2020-12-07 14:37:36+00:00,"b'Bombay bangett sama eps terakhir #StartUpEp16 suka banget sama karakter ji pyeong di drama ini dia orng yg kuat banget #TimJiPyeong , dan dri drama ini banyak banget pelajaran yg bisa di ambil https://t.co/sGeqjy3oax'"
2020-12-07 14:34:12+00:00,b'Sudah SAH #StartUpEp16 https://t.co/bq4a7uUDFt'
2020-12-07 14:30:44+00:00,b'#StartUpEp16\n#StartUpFinale\nPaling suka dengan cara penyelesaian dari konflik hubungan semua karakternya. https://t.co/gwJjljMwev'
2020-12-07 14:30:12+00:00,b'Terima kasih sudah mewakili ...\n\n#TimJiPyeong #StartUpEp16 https://t.co/A6rQJ1WTEZ'
2020-12-07 14:29:54+00:00,b'Tingkahnya #NamDoSan ini so gemassss \xf0\x9f\x98\x8d #StartUpEp16.'
2020-12-07 14:29:29+00:00,b'iyak talaga ako sa #StartUpEp16 \xf0\x9f\xa5\xba\xf0\x9f\x98\xad'
2020-12-07 14:25:31+00:00,b'#SeoDalmi berakhir bahagia dengan #NamDoSan. Apa kabar #timhanjipyeong ?\n\n\xf0\x9f\x93\xb7: @tvN_Asia\n\n#TimJiPyeong #TimDoSan #StartUpEp16 #StartUp #kdrama https://t.co/l9UvXNS5IZ'
2020-12-07 14:25:05+00:00,"b'ambigat naman, parang di ko kayang tapusin, di deserve ni good boy to \xf0\x9f\x98\xa2\xf0\x9f\x98\xad #StartUpEp16 \xf0\x9f\xa5\xb2'"
2020-12-07 14:24:33+00:00,"b'Meskipun bakalan tau endingnya pasti dalmi sama dosan tapi ttp berharap, makasih banget buat Han Jipyeong ngasih banget pelajaran berharga, chemistry antara Halmeoni dan han jipyeong bikin selalu nangis, #timhanjipyeong #StartUpEp16 #KimSeonHo #\xec\x8a\xa4\xed\x83\x80\xed\x8a\xb8\xec\x97\x85 #StartUpEp16 https://t.co/MdnWvDnA1i'"
2020-12-07 14:24:15+00:00,b'alhamdulillah akhirnya kelar tepat waktu drakor start up thankyou for everything aju meosjida chingu gamsahabnida\xf0\x9f\x99\x86\xf0\x9f\x8f\xbd\xe2\x80\x8d\xe2\x99\x82\xef\xb8\x8f #StartUp #StartUpEp16'
2020-12-07 14:23:20+00:00,b'sedih \xf0\x9f\x98\xad\xf0\x9f\x98\xad #StartUp #StartUpEp16 https://t.co/QS1YHnJf1a'
2020-12-07 14:23:08+00:00,b'Beberapa keuntungan nonton kdrama : \n1. Mendekatkan diri ke Tuhan \n2. Dapet motivasi hidup \n\n#StartUpEp16 \n#oraetlabora https://t.co/zT6eLqNzKK'
2020-12-07 14:22:01+00:00,"b'Terima kasih kepada samsan tech, kalian luar biasa\xf0\x9f\x91\x8f #StartUpEp16 https://t.co/3SiScEVcSP'"
2020-12-07 14:16:00+00:00,"b'Jika tidak ingin jadi penipu, maka jangan membual atau berusalah.\n\n#StartUp #StartUpEp16 #HanJiPyeong #HanJiPyeongTeam #NamDoSan https://t.co/L4VAs1Matk'"
2020-12-07 14:15:52+00:00,"b'Meskipun aku setiap hari membaca suratmu tapi aku tak pernah mencarimu, tapi pak nam yang sekali baca suratmu dia langsung mencarimu \xe2\x9d\xa4 uwuwuwuwuwu\n\n#TeamDosan #StartUpEp16 #StartUp #StartUpFinale'"
2020-12-07 14:15:32+00:00,b'bahkan sampe liat weddingnya dodal pun aku masih ada dikubu jipyeong:)\n#TimJiPyeong\n#StartUpEp16 https://t.co/TdmTfCSPph'
2020-12-07 14:13:22+00:00,b'Akhirnya tamat :))) #StartUpEp16 https://t.co/PtJZSDidkj'
2020-12-07 14:11:48+00:00,b'ngena bgt ini di aku \xf0\x9f\x98\xad\xf0\x9f\x98\xad #StartUp #StartUpEp16 https://t.co/Mym1fE3DSF'
2020-12-07 14:10:50+00:00,b'Pengen bgt jodohin ji pyeong sama in jae biar mereka happy ending\xf0\x9f\x99\x82\n\n#startup \n#StartUpEp16 \n#timhanjipyeong https://t.co/Y2rVePpe1e'
2020-12-07 14:09:56+00:00,"b'Pilih punya pacar programmer atau direktur investasi bisnis \xf0\x9f\x98\x85 Enak juga kali ya, punya banyak ide tinggal dibikinin sama pacar programmer \xf0\x9f\x98\x81 #StartUpFinale #StartUpEp16'"
2020-12-07 14:09:32+00:00,"b'Wah parah sih gue, padahal udah tau kalo akhirnya Dal- mi bakal jadi sama Dosan tapi masih aja berharap kalo Dalmi sama pak Han. Sumpahh gue berharap banget pak Han Jipyeong bisa happy ending\xf0\x9f\x98\xad \n#TimJiPyeong #StartUpEp16 #StartUp https://t.co/D2YeXXbdPF'"
2020-12-07 14:07:53+00:00,"b'Terimakasih buat semua pelajaran berharganya baik itu dari Dosan, Dalmi, Jipyeong, Halmeoni, Injae, dan semuanya. Makasih udah buat weekend dan 2020 ini lebih berarti.\n\xeb\x8b\xa4\xec\x9d\x8c\xec\x97\x90 \xeb\xb3\xb4\xec\x9e\x90!\xe2\x9d\xa4\xef\xb8\x8f\n#StartUp \n#TeamDosan \n#StartUpEp16 https://t.co/tu3VguMyRw'"
2020-12-07 14:06:06+00:00,"b'@infodrakor_id Sedih banget ga nonton #StartUp lagii\xf0\x9f\x98\xad Untuk mengobati rasa rindu kalian, yuk order merchandisenya! \xf0\x9f\x98\x86\nOrder di IG @puccarious ya dengan klik link dibawah ini\xf0\x9f\x91\x87\xf0\x9f\x8f\xbb\nhttps://t.co/ZaT1Xo00lr\nOr by WA 081276057601 \n#StartUpEp16\n#startUpFinale https://t.co/gLhfwmtThs'"
2020-12-07 14:05:54+00:00,b'Sebenernya cocok jadi kakak adik kalian berdua ini #teamdosanjipyeong #StartUp #StartUpEp16 #WaktunyaKorea \nhttps://t.co/XTsT4zQLEL'
2020-12-07 14:05:49+00:00,b'Walaupun Dal mi tak together dengan Ji Pyeong \xf0\x9f\x98\xad #TeamHanJiPyeong #StartUpEp16'
2020-12-07 14:04:51+00:00,"b'Gue pengin lihat sekali lagi euphoria mereka menangin tender, tegang-tegangnya mereka. Overall bagus, heartwarming, tapi cerita tentang Start Up-nya kurang nendyaaaang. Ibaratnya kurang pukul gong khusus di episode terakhir. Tapi yaudalah wk. 8.5/10 untuk \xf0\x9f\x91\x8d #StartUp #StartUpEp16'"
2020-12-07 14:04:50+00:00,"b'Kalo dari segi kemistri, udah mantep banget. Gue paling suka kemistri Dalmi-Dosan, dan Seon Ho-Nenek. Tapi kalo dari segi cerita, menurut gue pace-nya agak lambat di tengah, jadi ending terkesan buru-buru #StartUp #StartUpEp16'"
2020-12-07 14:04:10+00:00,b'Puas dengan ending #StartUpEp16 \xf0\x9f\x91\x8f\xf0\x9f\x91\x8f'
2020-12-07 14:04:04+00:00,b'Yay akhirnya happy ending untuk #TeamDosan \xf0\x9f\xa5\xb3\xf0\x9f\xa5\xb3\xf0\x9f\xa5\xb3\nPak Han sama siapa? Ya sama mimin aja \xf0\x9f\x98\x9d\xf0\x9f\x98\x9d #halu #StartUpEp16 #StartUp #WaktunyaKorea \nhttps://t.co/OFm9jGOc8H'
2020-12-07 14:03:40+00:00,b'#StartUpEp16 \nTelat sehari gapapa kali \xf0\x9f\x98\x82'
2020-12-07 14:03:18+00:00,"b'orang kalo lagi kasmaran emang gitu, kepengennya popo mulu\xf0\x9f\xa5\xba gemes banget ngeliat DoDal couple aigooo #StartUpEp16 https://t.co/eUTGfFY4Hi'"
2020-12-07 14:03:08+00:00,"b'Abis rewatch lagi. Baru sadar jempolnya Yongsan ini ngetril ternyata sodara2. \n\nAsli ini ga penting, tapi penasaran aja kok bisa tu loh \xf0\x9f\x99\x84\xf0\x9f\x99\x84\xf0\x9f\x91\x8d\xf0\x9f\x8f\xbb\xf0\x9f\xa4\xb7\xf0\x9f\x8f\xbb\xe2\x80\x8d\xe2\x99\x80\xef\xb8\x8f \n\n#StartUpEp15 #StartUpEp16 https://t.co/Z5dWL1IYGY'"
2020-12-07 13:58:58+00:00,b'#StartUp\n#StartUpEp16\n#StartUpFinale\nNonton episode terakhirnya masih sampai menit ke 55:55 tapi air mata gue lebih banyak ngalirnya dibandingin 15 episode sebelumnya \xf0\x9f\x98\xad'
2020-12-07 13:58:41+00:00,"b'Gk tega ama ji-pyeong ntah mengapaa, pepet in-jae aja mas dal-mi gabguss buat kmu. #StartUpEp16 https://t.co/k5pMYu7NXK'"
2020-12-07 13:57:37+00:00,b'Sekarang beralih ke serba serbi ending drama yang bikin war sejuta umat #StartUp \n\nPokoknya kawal Pak Han sampai bahagia #StartUpEp16 \n#ThankYouJipyeong #WaktunyaKorea \n\nhttps://t.co/qiyQRT49KX'
2020-12-07 13:55:31+00:00,b'Dari sini kita belajar bahwa titik tertinggi mencintai ialah Merelakan. Merelakan sosok terkasih dengan seseorang yang dapat membahagiakannya kelak. \n#TimJiPyeong \n#StartUpEp16 https://t.co/qkKfF9DBYP'
2020-12-07 13:52:26+00:00,"b'Eps ini paling mewek sih, apalagi pas adegan sana nenek ini. Huaaaaa pen nangis sampe terisak isak aku tuh. Kuat bgt sih kamu Jipyeong \xf0\x9f\xa5\xba ga sia2 dari awal udah jd team Han Jipyeong. Dan hingga detik ini masih team Han Jipyeong \xf0\x9f\xa5\xb0 \n#TeamJiPyeong #TeamHanJiPyeong #StartUpEp16 https://t.co/RaphYhG6G0'"
2020-12-07 13:51:37+00:00,b'Gimana #StartUpEp16 nya? Video Cover OST Start Up (Gaho - Running) sudah diunggah di Youtube! Please Enjoy!\xeb\xb3\xb4\xea\xb3\xa0 \xec\xa6\x90\xea\xb8\xb0\xec\x8b\xad\xec\x8b\x9c\xec\x98\xa4!\nhttps://t.co/D7SAqqpGIy \n\n#StartUp https://t.co/zMRx8jivbe'