,Date,Tweet
0,2020-12-15 21:30:34+00:00,b'Drunk Han Ji Pyeong is hilarious \xf0\x9f\x98\x82 #StartUpEp15'
1,2020-12-13 17:00:01+00:00,b'Next year could be decisive for the world \xf0\x9f\x8c\x8f. 2020 has taught us that we need to work together for a stronger response and show that we can build back better.\n\nJoin in. Be the change.'
2,2020-12-15 13:11:00+00:00,b'Gaes penonton #StartUpEp16 #StartUpEp15 #startupep14 #StartUpEp9 episode berapa sih yg membuat kalian lebih semangat menjlani hidup... yg pesanny kek nyes banget.. soalny aku mau buat konten nih.... aku bingung..'
3,2020-12-15 11:30:05+00:00,b'Yeorobuuunn... ingat baik2 seperti ini jwbnnya yaa kalau ditanya doi hehehhe Kalau hbs jwb gini trus doi lgsg nyipok berarti doi jg nonton #StartUpEp15 \xf0\x9f\x98\x82\xf0\x9f\x98\x82 https://t.co/Zxp8Lmcf2W'
4,2020-12-13 16:25:06+00:00,b'korban #StartUpEp15 https://t.co/XyXwUR52FN'
5,2020-12-13 14:01:32+00:00,b'Udah bisa move on dari #StartUpEp15 &amp;\n#StartUpEp16 kok.\n\nSekarang bermaksud mantengin #MrQueenEp1 nya #KimJungHyun &amp; #ShinHyeSun yg bikin \xf0\x9f\x98\x86\n\nTapi tadi ga sengaja nemu spoiler #StartUpEp17 \xf0\x9f\x98\xad\nKan jadi baper akutu.\n\nBaca ini deh\nhttps://t.co/NgxrzZWDHB'
6,2020-12-13 11:17:40+00:00,b'Akhirnya lnjutin #StartUpEp15 pdahal agak kecewa sih alesan in jae milih ibunya dan dal mi milih bpaknya gak dibahas https://t.co/OgKBu3J17O'
7,2020-12-13 05:36:56+00:00,b'jujur AKU NGERASA IKUT BAHAGIA JUGA\xf0\x9f\x98\xad\xf0\x9f\x98\xad\xf0\x9f\x98\xad #StartUpEp15 https://t.co/McYUEktMa9'
8,2020-12-13 05:36:13+00:00,"b'jujur gw nangis banget... di sini jipyeong kea uda ngiklasin cintanya sma dalmi.. kebayang ga si kalo kita jadi jipyeong? yang dlu nya dri sejak dia remaja ngirim"" surat ke dalmi trs jipyeong adlh cinta pertamanya dalmi.. SAKIT KAN hshsh ga kebyang si hshshs\n#StartUpEp15 https://t.co/UqnBxPccAh'"
9,2020-12-13 05:29:38+00:00,b'SALAH SERVER\xf0\x9f\x98\xad\xf0\x9f\x98\xad\xf0\x9f\x98\xad\n#StartUpEp15 https://t.co/O0mkroI4l8'
10,2020-12-12 05:21:30+00:00,"b'Bukan hanya Cinta, Benci juga butuh bukti..\n#1212Sale \n#TeamJiPyeong #StartUpEp15\n#Harbolnas1212 KECEWA Tinggi\n#RingkusRijikBasmiFPI\n#StopCopyPaste\n https://t.co/bIsCTIPgAu'"
11,2020-12-11 09:41:27+00:00,b'Seneng liatnya \xf0\x9f\xa4\x97\nOrang sukses banyak perjuangan nya \xf0\x9f\x92\xaa\xf0\x9f\x8f\xbc\n\n#StartUpEp15 https://t.co/fjN7Af8kjf'
12,2020-12-10 09:19:28+00:00,b'#teamdosan mana suaranya? #StartUpEp15 #NamJooHyuk https://t.co/E7pmrnpX0w'
13,2020-12-10 05:19:29+00:00,b'Bangke\n\n#StartUpEp15 #StartUp https://t.co/sz1uY7LZWE'
14,2020-12-09 17:15:49+00:00,"b'Sadboy moment again, dan ini puncakkknya :"""") HUHU pingin peluk Sangmunim, tapi Sangmunimnya gatau mau apa engga kalo ogut yang peluk:3\n\nEps. 15\n#StartUp #StartUpEp15 https://t.co/IEjWKzM9gY'"
15,2020-12-09 17:14:00+00:00,"b""Nak tengok ka nak qeyau ni :')) #StartUpEp15"""
16,2020-12-09 17:12:18+00:00,"b'Pada akhirnya, Dosan Dalmi ""nyatu"" lagi karena andil Anak Baik lagi:"""") gudboy become to be gudddmeen!\xf0\x9f\x92\x9b\n\nEps. 15\n#StartUp #StartUpEp15 https://t.co/P5erimwd7I'"
17,2020-12-09 17:06:04+00:00,"b'Abis putar puter samsan check di kamar Do-san, skrg malah ngejeledaagg! Di episode ini padahal dia lagi patah hati malah kocak, wk!\n\nEps. 15\n#StartUp #StartUpEp15 https://t.co/fC41L0nZBx'"
18,2020-12-09 17:02:38+00:00,b'Samsan cheeeckkkk! Cheeeckkk cheeckkk!\xf0\x9f\x92\x83 Em. Sangmunim? Sehat?! wk.\n\nEps. 15\n#StartUp #StartUpEp15 https://t.co/zOg81UUs7K'
19,2020-12-09 16:59:09+00:00,"b'Kusuka, kusuka, kusukaaaaa.. Aaaa\xe2\x9c\xa8 Kapalku dilayarkan oleh writerniiiim. Yuhuu!\xe2\x9b\xb5\xf0\x9f\x8c\x8a\n\n#StartUp\n#StartUpEp15 https://t.co/KtFcg8Dy8Q'"
20,2020-12-09 12:02:04+00:00,b'Bromance \xf0\x9f\x98\xb3\xf0\x9f\x98\xb3\xf0\x9f\x98\xb3\n#startupep15 #StartUp \n\nP. S: Ada penampakan. https://t.co/fMZaYPuiBi'
21,2020-12-09 10:57:22+00:00,b'Dipaksa Pulang? Sakitnya Tuh di Sini\n\n#YangAkuMau\n#RokokNaikRakyatPanik\n#hukumanbuatkoruptor\n#BubarkanOrmasPemecah\n#EnaaakkkTapiNendaaang\nAngin\nPernah\n#StartUpEp15\n#GangnamXMewGulfSS2\nBidadari\nPak Han\n https://t.co/KszB5VfCMe'
22,2020-12-09 10:18:29+00:00,b'Dipaksa Pulang? Sakitnya Tuh di Sini https://t.co/fy94OyiIKs\n#YangAkuMau \n#RokokNaikRakyatPanik \n#hukumanbuatkoruptor \n#BubarkanOrmasPemecah \n#EnaaakkkTapiNendaaang \nAngin \n#DPRDDKINAEKGAJI \nPernah \n#StartUpEp15 \n#GangnamXMewGulfSS2 \nBidadari \n#TimJiPyeong \n#DzalimnyaKebangetan'
23,2020-12-09 08:25:41+00:00,b'nam do san adalah aku #StartUpEp15 https://t.co/AT4DQCB3Pj'
24,2020-12-09 05:23:10+00:00,b'#StartUpEp15 \xf0\x9f\xa4\xa3\xf0\x9f\xa4\xa3\xf0\x9f\xa4\xa3\xf0\x9f\xa4\xa3\xf0\x9f\xa4\xa3 maaf tapi beneran kayak kasian banget sih kenapa skenario dia harus dibawa ke sana. Jujur kayak gabisa ya dikasih justice aja kakak jangan sad sad banget gitulah cakanim jebal \xf0\x9f\x98\xb5\xf0\x9f\x98\xb5\xf0\x9f\x98\xb5\xf0\x9f\x98\xb5\xf0\x9f\x98\xb5\xf0\x9f\x98\xb5\xf0\x9f\x98\xb5'
25,2020-12-09 05:00:43+00:00,b'BALSEM HERBAL PAK LULUK 40 gram #stroke #syaraf #kejepit #vertigo #keseleo #darah tdk lancar #asam urat seharga Rp. 28.000. Dapatkan produk ini hanya di Shopee! https://t.co/Yz3TRpxL6h #ShopeeID\n#pilkadaserentak2020 #SayNoToRacism #StartUpEp15 #StaySafe #Facebook #balsem https://t.co/72j78HH62c'
26,2020-12-09 03:28:01+00:00,b'masih gabisa move on dari drama startup apalagi yg eps 15\xf0\x9f\x98\xad\xf0\x9f\x92\x97\n\n#StartUpEp15 #StartUp'
27,2020-12-08 18:38:27+00:00,"b'\xe2\x80\x9cYasudah, ini semua cukup\xe2\x80\x9d  \nnangis sya ga sanggup \xf0\x9f\x98\xad #StartUpEp15 https://t.co/cbQgzjiWVP'"
28,2020-12-08 15:52:01+00:00,b'Gak nyangkaaa udah punya tanaman ini dari lama \xf0\x9f\x98\xad (sorrygakbisanahankehebohanwkwk)\nKeingetan sama @nurulmgu thankyou!!!\n\n#StartUpEp15 #StartUp https://t.co/KQPyABLcsx'
29,2020-12-08 14:10:11+00:00,b'apakah kamu setuju ?\nhttps://t.co/gsv6DeiHtf\nLike &amp; komen ya gaes Trimakasih \xf0\x9f\x99\x8f\xf0\x9f\x98\x8a\n#stratup\n#StartUpEp15\n#CHANYEOLisBACK'
30,2020-12-08 14:04:51+00:00,b'Dal-mi\n\n#StartUpEp15 \n#StartUp https://t.co/VHIVqwF3Oe'
31,2020-12-08 13:37:42+00:00,b'Ayo Vote Nam Joo Hyuk dan Suzy!!! \xf0\x9f\x98\x8d\xf0\x9f\x98\x8d\xf0\x9f\x98\x8d #StartUpEp15  #StartUpEp16  #JIPYEONGDESERVESBETTER #ThankYouDodal #ThankYouStartUp #RameDiTwitter2020 https://t.co/AN25IyJ48B'
32,2020-12-08 13:26:55+00:00,b'Hari ini kelar nonton #StartUpEp15 #StartUpEp16 .....\nThanks you for 16 eps nyaaa\xe2\x9d\xa3\xef\xb8\x8f #NamDoSan #Dalmi #hanjipyong (anak baik) \nSee you di drama lainnya\xf0\x9f\xa5\xb0'
33,2020-12-08 13:12:35+00:00,b'Congrats kemenangan bos Fikri A Putra\nLink Register : https://t.co/0FLVhdz2IF\n\n#2020MAMA #prayformedan #MmmhChallenge #Jessi #YangAkuMau  #MarkTuanWeLoveYou #YouMakeStrayKidsStay #kageyama #kasqq  #SKZ_RECORD #ShopeeSayangNCTzen #Annie #DPRDDKI #StartUpEp15 #Strava #pokeronline https://t.co/L19gJknt0m'
34,2020-12-08 12:02:44+00:00,b'kau bisa kabulkan permintaanku kan? #StartUpEp15 https://t.co/atmgfZ7Z4E'
35,2020-12-08 10:39:36+00:00,"b'Gwaenchanh-a, brother Ji-pyeong. #StartUpEp15'"
36,2020-12-08 10:05:12+00:00,"b'Menangkan iPhone 11 &amp; 10 JT Koin, Ayo Panen Pohon Tabungan! AUTO SIRBAL BY NOTIF\xf0\x9f\x99\x8f\xf0\x9f\x8f\xbb\xf0\x9f\xa5\xb0 #StartUpEp15 #1212ShopeeBirthdaySale #StartUp https://t.co/Tp5bZlsHnh https://t.co/gnEqCBKEUy'"
37,2020-12-08 08:58:20+00:00,"b'Silahkan bermimpi karena itu gratis, tapi ingat kenyataan itu mahal\n\n#StartUpEp15'"
38,2020-12-08 08:58:20+00:00,b'Mencoba hal yang tidak mungkin adalah strategi tak berguna dan buang-buang tenaga.\n\n#StartupEp15'
39,2020-12-08 08:29:50+00:00,b'Lu pasti ngerasain.....\n\n#CCTV\n#POLISI\n#FPI\n#StartUpEp15 https://t.co/4Da3UBZcj0'
40,2020-12-08 06:41:00+00:00,b'Tim Han Ji Pyeong merapat ayok merapat!! \xf0\x9f\x98\x8d\n\nJangan sampai ketinggalan waeancara ekslusifnya di #CNNIndonesia \n\n#StartUpEp15 #HanJiPyeong #HanJiPyeongTeam https://t.co/CllLl1jyy1'
41,2020-12-08 04:24:11+00:00,b'siapa yg senyum-senyum sendiri nonton scene ini?\xf0\x9f\x98\x8b #StartUpEp15 https://t.co/B5Vk3EA8XU'
42,2020-12-08 03:53:08+00:00,"b'silahkan saja bermimpi karna itu gratis, tapi jangan lupa kenyataan itu mahal #StartUpEp15'"
43,2020-12-08 00:34:59+00:00,"b'setelah ketiduran nonton #StartUpEp15 semalam nonton #StartUpEp16 juga ketiduran. karna udah liat beberapa spoiler di episode finale, jadi yaudah emg ga ada ekspektasi apa-apa sih dr eps 12 juga. endingnya yaudah gitu aja, ok.'"
44,2020-12-07 20:31:40+00:00,"b'Setuju sih, semoga mungkin nanti bisa seberani ini ngomong kek Dalmi.\n#StartUpEp15 #SeoDalmi https://t.co/8oRC4nQZHU'"
45,2020-12-07 19:34:49+00:00,b'Jusko mas kinikilig pa ko kina Chulsan at Saha. Glow up sya ee #StartUpEp15 https://t.co/htAl5sXg10'
46,2020-12-07 16:26:54+00:00,b'Oke deh kalo kalian pilih jipyeong dosan aku karungin makasih bye\n#StartUpEp15 #Jipyeong #Dosan \n#NamJooHyuk #NamDoSan #KimSeonHo3Mparty #BaeSuzy #Dalmi #SeoDalmi'
47,2020-12-07 16:18:47+00:00,b'shet yung kilig ko kay chulsan at saha HAHAHAHAHAHAHAHAHA #StartUpEp15'
48,2020-12-07 16:17:23+00:00,b'Sakit sa pakiramdam.!\xf0\x9f\x98\xb6\n#StartUpEp15 https://t.co/wmOCTNw9Kx'
49,2020-12-07 15:56:04+00:00,b'Lebih sakit liat do san atau ji pyeong? TEAM MANA NIHH?? #NamJooHyuk #NamDoSan #KimSeonHo #HanJiPyeong #SuzyBae #SeoDalmi #StartUp #StartUpEp16 #StartUpEp15 #kdrama https://t.co/sC7WIhVS24'
50,2020-12-07 15:55:09+00:00,"b'Mau diCINTAI,menCINTAI pasti ujung-ujungnya juga TAI :(\n\n#UPS \n#StartUpEp15'"
51,2020-12-07 15:48:11+00:00,b'Pak Han... Aku di siini akan selalu untuukkmu... \n#ThankYouJipyeong\n#KimSeonHo\n#StartUpEp15 #KimSeonHo https://t.co/zAgWhud40l'
52,2020-12-07 15:29:16+00:00,b'NANGEEEEEESSSSSSSSS BGT\n#StartUp #StartUpEp15  https://t.co/kddolrxcel'
53,2020-12-07 15:27:10+00:00,b'Lagi bayangin kalo pas bangun tidur sampingku ada pak han hahahahaha versi lokal gpp kok yaAllah\n#StartUp #StartUpEp15  https://t.co/iOPOka4Ejy'
54,2020-12-07 15:22:25+00:00,"b'Episode 15\nDari pak Han kita bisa belajar bahwa level tertinggi dalam mencintai adalah mengikhlaskan\xf0\x9f\xa5\xb2 tolong besok2 kalo bikin drama jgn ada karakter sebaik pak han, penonton jadi cape ati fufufu\n#StartUpEp15 https://t.co/Lp97BYmegc'"
55,2020-12-07 15:02:26+00:00,"b'Gue BGT ini mah, niatnya liat Joo-Hyuk ehh oleng ke Ji-Pyeong sumpah pdhl di eps 15 gue masih ngedukung dosan and dalmi eh eps 16 gue nangis. sad bgt gue lgsg jd #TimJiPyeong Gt wkwk\n#StartUpEp15 \n#Jipyeong \n#teamhanjipyeong https://t.co/0VNSJD0znm'"
56,2020-12-07 14:09:22+00:00,"b'Klaster Rizieq Positif : 7 Di petamburan, 50 di tebet dan 20 di bogor. \n#JanganKaburTerus #kabur #StartUpEp15 #TodayNews #rizikrusakakhlakumat #belanegara #FPIteroris #BubarkanOrmasPemecah\n#BubarkanFPI\n#BubarkanOrmasRadikal\n@Opposite6980\n@Jujur70842883\n@aditjipto\n@Opposide6890 https://t.co/Zi51RpTTB1'"
57,2020-12-07 14:07:31+00:00,b'Pulang-pulang bikin 4 klaster Covid-19\n\n#JanganKaburTerus #kabur #StartUpEp15 #TodayNews #weekend #weekendmood #belanegara #FPIteroris #BubarkanOrmasPemecah\n#BubarkanFPI\n#BubarkanOrmasRadikal\n@Opposite6980\n@Jujur70842883\n@aditjipto\n@Opposide6890\n@Opposite6809\n@opposite6890_ https://t.co/1e3JRkxmuA'
58,2020-12-07 14:06:39+00:00,b'Rizieq Menghambat Penanganan Covid-19\n\n#JanganKaburTerus #kabur #StartUpEp15 #TodayNews #weekend #weekendmood #belanegara #FPIteroris #BubarkanOrmasPemecah\n#BubarkanFPI\n#BubarkanOrmasRadikal\n@Opposite6980\n@Jujur70842883\n@aditjipto\n@Opposide6890\n@Opposite6809\n@opposite6890_ https://t.co/idXu5O7Dyu'
59,2020-12-07 14:06:01+00:00,b'80 kasus positif kalster Rizieq Shihab\n#JanganKaburTerus #kabur #StartUpEp15 #TodayNews #weekend #weekendmood #belanegara #FPIteroris #BubarkanOrmasPemecah\n#BubarkanFPI\n#BubarkanOrmasRadikal\n@Opposite6980\n@Jujur70842883\n@aditjipto\n@Opposide6890\n@Opposite6809\n@opposite6890_ https://t.co/yt7e8lcu2Z'
60,2020-12-07 14:03:08+00:00,"b'Abis rewatch lagi. Baru sadar jempolnya Yongsan ini ngetril ternyata sodara2. \n\nAsli ini ga penting, tapi penasaran aja kok bisa tu loh \xf0\x9f\x99\x84\xf0\x9f\x99\x84\xf0\x9f\x91\x8d\xf0\x9f\x8f\xbb\xf0\x9f\xa4\xb7\xf0\x9f\x8f\xbb\xe2\x80\x8d\xe2\x99\x80\xef\xb8\x8f \n\n#StartUpEp15 #StartUpEp16 https://t.co/Z5dWL1IYGY'"
61,2020-12-07 13:46:30+00:00,b'Pesan moral nonton #startupep15?\n\nBelajar ikhlas. Udah gitu aja. \xf0\x9f\x98\xa2'
62,2020-12-07 13:39:00+00:00,"b'\xe2\x80\x9cTidak, aku mencoba berhati-hati. Aku pernah kehilangan rekanku karena keputusan tergesa-gesa. Aku tak mau kehilangan mereka lagi. Itu prioritasku.\xe2\x80\x9d -Seo Dal Mi\n#StartUpEp15\n#StartUpEp16 https://t.co/yTSR2DyP4L'"
63,2020-12-07 13:00:35+00:00,b'si @rafadju bego banget anjing belom nonton drama\xf0\x9f\x98\xad\xf0\x9f\x98\xad napa dia suka di spoilerin anjir\xf0\x9f\x98\xad\xf0\x9f\x98\xad\n\n#StartUpEp15 \n#StartUpEp16 https://t.co/CZQAD86zKy'
64,2020-12-07 12:59:52+00:00,"b""Olats na talaga sa jidal pero alam kong panalo 'tong dalawa \xf0\x9f\xa4\xa3 #StartUpEp15 https://t.co/jDfPDL5uut"""
65,2020-12-07 12:33:06+00:00,"b'Aku ingin seperti pak han di #StartUpEp15 , https://t.co/sZz7kOupFC'"
66,2020-12-07 12:28:06+00:00,b'BALSEM HERBAL PAK LULUK 40 gram #stroke #syaraf #kejepit #vertigo #keseleo #darah tdk lancar #asam urat seharga Rp. 28.000. Dapatkan produk ini hanya di Shopee! https://t.co/Rp49xEYovF #ShopeeID\n#StartUpEp15 #StayAtHome #StaySafe #VaksinDatangTetapJaga3M #COVID19 #herbal https://t.co/PkEgKSFqwm'
67,2020-12-07 11:44:07+00:00,"b'Lagunya bagus, \n#StartUp \n#StartUpEp16 \n#StartUpEp15 \n#StartUpFinale https://t.co/y9vsbmmbNS'"
68,2020-12-07 11:25:09+00:00,"b'""Jika tak bisa mengalahkan musuh, maka jadilah pasukannya"" _hanjipyeong\n#StartUpEp16 #TimJiPyeong #HanJiPyeongTeam #HanJiPyeong #StartUp #StartUpEp15 #SeoDalmi'"
69,2020-12-07 11:24:53+00:00,b'Han Ji Pyeong avoiding Seo Dal Mi \n#StartUpEp15 #StartUp https://t.co/e25yvhcOas'
70,2020-12-07 10:55:19+00:00,b'Suka banget sama scane yg ini liat team mereka comeback #startup #StartUpEp15 https://t.co/dyhCf4cm1a'
71,2020-12-07 10:34:36+00:00,"b'the end epiode Start-Up bertebaran dmna2, \naku team nnton episode akhir yang di ulur2, ga rela udah berakhir gitu, heumm\n#TimJiPyeong #StartUpEp15 #seonhokim #NamJooHyuk #SeoDalmi #tvndrama'"
72,2020-12-07 09:53:03+00:00,b'#TimJiPyeong\nYang di inginkan sama kenyataannya biarlah indah. Biarkan Dalmi dan Dosan bahagia. Siapa tau season 2 nya Dalmi cerai sama Dosan\n#StartUpEp15 \n#StartUpEp16 https://t.co/rT8FE8WxOf'
73,2020-12-07 09:49:05+00:00,"b'Tak ada yang salah dengan second lead syndrom, kok. Asal jangan berlebihan aja sampe gelut kayak yang di bawah ini \xf0\x9f\xa4\xad Jadiin kenangan indah aja, ya.\n\n#TimJiPyeong\n#PakHan\n#StartUpEp15 \n#StartUpEp16\n#MoonLoversScarletHeartRyeo https://t.co/1GRI4BnbsU'"
74,2020-12-07 09:43:12+00:00,"b'@bayu_joo Baru kali ini nonton drakor ga semangat di 2 episode terakhir . eps 15 nonton sampe dijeda 4kali (saking malesnya) , eps 16 uda di donlot tp masih belum niat nonton \xf0\x9f\x98\x90 #StartUpEp15 #HanJiPyeongTeam'"
75,2020-12-07 09:41:35+00:00,b'Tuliskan jawaban kamu disini yaaaa.....\xf0\x9f\x98\x89\nhttps://t.co/wiL8APhB7U\n\n#StartUpEp15 #StartUpEp16 #koreandrama'
76,2020-12-07 09:28:51+00:00,"b'Yuk di PO kaos dari drama start up ada ukuran S-XXL nyaaa, harga juga murah kokkk:) \n\n#TimJiPyeong #TimDoSan #StartUpEp16 #StartUp #StartUpEp15 #TimNamDosan #Dalmi #DoDalCouple #DoDal #Jipyeong https://t.co/ZAHNpvut7J'"
77,2020-12-07 08:56:51+00:00,"b'Terimakasih Pak Han, berkatmu kami semua belajar banyak hal, bahwa mencintai tidak harus memiliki, menyerah bukan berarti kalah. Sampai jumpa di project selanjutnya \xf0\x9f\x98\x8a\nWe love you Mr. Han\xe2\x9d\xa4\xef\xb8\x8f \n#StartUpEp15 \n#TeamJiPyeong https://t.co/e7CyZEdFbe'"
78,2020-12-07 08:43:50+00:00,b'Team Han Ji Pyeong #StartUpEp15'
79,2020-12-07 08:43:12+00:00,"b'Nonton #startup baru sampe episode 10. Gara-gara tweet #StartUpEp15 Mondar mandir mulu di timeline, alhasil tergoda buat spoiler dan rasanya... Gak tega banget mau ngelanjutin kalo sad ending \xf0\x9f\x98\xad\n#TeamJiPyeong'"
80,2020-12-07 08:07:08+00:00,b'Tolong ini coba di jelaskan #TeamDosan #TeamNamDoSan #TeamHanJiPyeong #teamjipyoeng #StartUpEp15 #StartUpFinale https://t.co/SaORbECWdE'
81,2020-12-07 08:05:13+00:00,b'Males di buat treat jadi gini aja haha\n#StartUpEp15 #StartUpFinale #startUp #StarUpEp16 https://t.co/h2aglGUiFl'
82,2020-12-07 07:47:08+00:00,b'Yaudah gue tim halmeoni aja dah \n#StartUpEp16 \n#StartUpEp15 https://t.co/QTXB2Ly5hH'
83,2020-12-07 07:39:33+00:00,b'Karena menyukai seseorang ga butuh alasan~\n#StartUpEp15 https://t.co/f1mJNUkw6C'
84,2020-12-07 07:33:16+00:00,"b'Silahkan saja bermimpi, karna itu gratis.\nTapi jangan lupa, kenyataan itu mahal.\n#StartUpEp15 #startup'"
85,2020-12-07 07:10:49+00:00,b'LOKASI SYUTING DRAMA KOREA START-UP !!! https://t.co/OWUOsGfGKb via @YouTube \n\n#StartUpEp15 #StartUpEp16 #StartUpFinale #TeamJiPyeong #TeamDosan #dramakorea #StartUp16 #CHUNGHA #ChunghaGetWellsoon #IndonesiaBebasCovid #UlamaKokTidakGentle'
86,2020-12-07 06:55:00+00:00,b'Heh sejak ep 1 sampe terakhir pun kagada nemu scene pak han yg jahat\xf0\x9f\xa5\xba km itu kek malaikat saking baiknya huhu\n#StartUp #StartUpEp15 https://t.co/yHjrivhBt3'
87,2020-12-07 06:31:10+00:00,b'ending start up itu harusnya  cukup di episode #StartUpEp15 ga sih? episode #StartUpEp16 udah ga ada gregetnya \xf0\x9f\x98\x8c'
88,2020-12-07 06:30:50+00:00,b'berenti nonton sampai #StartUpEp15  https://t.co/R07dcq4Hd9'
89,2020-12-07 05:49:57+00:00,b'\xe2\x80\x9cBECAUSE ITS YOU... YOURE THE REASON\xe2\x80\x9d JASJSNSBENENENENERNTNNEKKWKWJEJEJEJRKWKWIWI #StartUpEp15'
90,2020-12-07 05:46:50+00:00,b'Chulsan gagal menjadi sadboy \xf0\x9f\x98\x82\nDosan menuju happy ending.\n\n#StartUpEp15 https://t.co/H8eJkpqJeD'
91,2020-12-07 05:41:24+00:00,b'Gw blm nntn 15-16 plis deh jgn banjiri explore ku dengan bocoran2 akhir ceritanya #StartUpEp15'
92,2020-12-07 05:38:02+00:00,b'Segila itu sih Kim Seon Ho jadi second lead \xf0\x9f\xa5\xb3 #starup #StartUpEp15 #StartUpEp16 https://t.co/w4OIZHhBta'
93,2020-12-07 05:12:55+00:00,"b""Guys guys \xf0\x9f\x93\xa3\nMusim dingin gini cocok' pake jaket yg satu ini \xf0\x9f\x91\x87\nCreature Inside Jacket\nBahan kanvas quilting inside\nSize M-XL\n350rb\nInfo &amp; order\nhttps://t.co/rpAfb4SInx\n\n#pewirausahapemula\n@AsoppsiOfficial @ajeng_cute16 @macan_uTara @MomsTasik13 #BanggaLokal #StartUpEp15 #UMKM https://t.co/nfsBjibQpT"""
94,2020-12-07 05:12:28+00:00,b'Turut berbahagia #Dosan #dalmi #Jipyeong #Netflix #StartUp #StartUpEp15 https://t.co/mLaRxbijdf'
95,2020-12-07 05:11:46+00:00,b'awkwkwkwkwk\n#StartUp \n#StartUpEp15 https://t.co/NSuRMjjpoD'
96,2020-12-07 05:11:11+00:00,b'awkward bgt wkwk\n#StartUp \n#StartUpEp15 https://t.co/2vTMf2XGtB'
97,2020-12-07 04:31:52+00:00,b'saha ke chulsan adalah salah satu pembuktian kalau cinta akan datang disaat kamu sukses. \xf0\x9f\x98\x82 #StartUp #StartUpEp15 https://t.co/Q0nZAXY2UU'
98,2020-12-07 04:20:37+00:00,b'@zatieabdullah Aku benci writer #StartUpEp15 ..i hate u..smpai ke sudah dia seksa ji pyeong..ko dh kenape..heeeee..aku stop sat tgk citer tu sbb x mampu nk membendung kebencian aku terhadap citer ni..hahahaha..'
99,2020-12-07 04:12:01+00:00,b'Sumpaa ini beneran asli dibuka ga sihh dm instagramnya??? Kagett bgtt tulung \xf0\x9f\x98\xad\xf0\x9f\x98\xad \n\n#TeamHanJipyeong #TeamJipyeong #HanJiPyeong #Seodalmi #startup #kimseonho #suzy #\xec\x8a\xa4\xed\x83\x80\xed\x8a\xb8\xec\x97\x85 #\xea\xb9\x80\xec\x84\xa0\xed\x98\xb8 #\xec\x88\x98\xec\xa7\x80 #StartUpEp15 #StartUpEp16 https://t.co/F35HW2NFtL'
100,2020-12-07 03:44:06+00:00,b'Dosan adalah lelaki di dunia nyata yang mau berjuang . \nPak Han adalah lelaki sempurna hanya ada di dunia fiksi.\nrealistisnya cewek pengen punya pak han tapi kenyataannya yang lebih menarik adalah dosan walaupun harus merintis dari bawah #StartUpEp15'
101,2020-12-07 03:26:33+00:00,b'antara tegar dan bego 11 12 yaa \xf0\x9f\x99\x82 #StartUpEp15'
102,2020-01-05 00:43:01+00:00,"b""Don't miss hotel deals like these! Our price discovery engine works 24/7 to bring you the best hotel deals. Get FREE alerts now. https://t.co/3TyQ0ci8FT https://t.co/sNe7kutrxI"""
103,2020-12-07 03:25:53+00:00,b'Hiii penggemar star uo yang belom bisa move on sini barengan sma aku wkwk mutualan yukk #Titans #TimJiPyeong #TimDoSan #titan #StartUpEp16 #StartUpEp15 #StartUp'
104,2020-12-07 03:16:52+00:00,b'Yuk Buat yg Pengen Bergaya dgn harga Murmer \n\xf0\x9f\x91\x87\xf0\x9f\x91\x87\xf0\x9f\x91\x87\nYourstep Brodo\nSize 39-43\nOnly 170K \nInfo &amp; Order DM or wa \xf0\x9f\x91\x87\nhttps://t.co/rpAfb4SInx\n\n@AsoppsiOfficial\n@ajeng_cute16\n@macan_uTara @MomsTasik13 #PewiraUsahaPemula Bandung Cuaca #zonajajan #BanggaLokal #umkm #StartUpEp15 #Mmmh https://t.co/hBxTFyn8Qy'
105,2020-12-07 03:09:12+00:00,b'Gapapa setidaknya pak han udh berjuang buat menghilangkan kesedihan dal mi dan selalu ada disaat dal mi butuh.\n\nDimananya nemuin jodoh Han Jipyoung di dunia nyata ? \xf0\x9f\x98\x82\xf0\x9f\x98\x82\n#HanJiPyeong #timjipyeong #StartUpEp15 https://t.co/F5P3ZkBnDa'
106,2020-12-07 02:59:53+00:00,"b'Aku suka watak Dosan pada awal cerita. Tengah dah rasa annoying. Tapi, time ep 15 ni. The way he look after Jipyeong time kat rumah dia. Haih melting. Jipyeong pun annoying sbb baik pulak \xf0\x9f\x98\x8c\xf0\x9f\x98\x8c\xf0\x9f\x98\x8c\n.\nThis scene \xf0\x9f\x98\x8c #StartUpEp15 https://t.co/d5M2C1qmle'"
107,2020-12-07 02:50:16+00:00,"b""Angbigat ng #StartUpEp15 , sing'bigat ng eyebags ko. \xf0\x9f\x98\xb3\xf0\x9f\x91\x80"""
108,2020-12-07 02:20:33+00:00,b'Udah tamat yah :( ??#StartUpEp16 #StartUpEp15 #StartUp https://t.co/nBPpdICcMB'
109,2020-12-07 02:02:08+00:00,"b'Yang ditakuti organ tubuh kita:\n\nGinjal: asin, begadang, alkohol\nParu paru: rokok, debu, polusi\nJantung: asin &amp; lemak\nUsus: makan berlebihan\nHati: ditinggal lagi sayang-sayangnya \xf0\x9f\x98\x9c\n#AwaliDenganTaubat \n#StartUpEp15 \n#StartUpEp16\n#17M https://t.co/Fst5hXG2Q7'"
110,2020-12-07 01:50:10+00:00,b'@dwikimic Kayak gak asing kata2ne \xf0\x9f\x99\x84 #StartUpEp15 https://t.co/Z8pwSVxGtp'
111,2020-12-07 01:46:07+00:00,"b'Apa cuma gua disini yang belum nonton #StartUpEp15  #StartUpEp16, belum siap menghadapi kenyataan sama ji pyeong \xf0\x9f\x98\x92'"
112,2020-12-07 01:38:29+00:00,b'Pak han suka stroberiii juga nih \xf0\x9f\xa4\xad hayuk samaan makan stroberi kayak pak han belinya di akun inii \xf0\x9f\x98\x8d\xf0\x9f\x98\x8d\xf0\x9f\x8d\x93\xf0\x9f\x8d\x93 stroberinya gemol gemol kayak pak han punyaaa \xf0\x9f\x98\x8d\xf0\x9f\x98\x8d\xf0\x9f\x8d\x93\xf0\x9f\x8d\x93\xf0\x9f\x8d\x93\n\n#StartUpEp15 #StartUpEp16 #StartUp #TeamNamDoSan #TeamJiPyeong #strawberry https://t.co/J569WTmh7j'
113,2020-12-07 01:36:24+00:00,b'[Bantu usaha Kaka]\nSaya menjual Kaos Mentor | T-shirt combad 30s SANDBOX | Kaos Start Up Drakor seharga Rp50.000. Ayo beli di Shopee! https://t.co/IYSSBLEurp\n\n#StartUp #StartUpEp15 #StartUpEp16 #CEO #mentor #HanJiPyeong #NamDoSan #SeoDalmi https://t.co/rmOKtG5wU6'
114,2020-12-07 01:28:25+00:00,"b'Happy Ending itu ga selalu dia sama siapa dan nikah sama siapa, dengan berusaha mengikhlaskan itu udah jadi point dari Happy Ending itu sendiri #StartUpEp15 #StartUpFinale #StartUpEp16'"
115,2020-12-07 01:26:18+00:00,b'#StartUpFinale\n#StartUpEp15 \nCTT.KDRAMUSTPH\nNatawa lang ako \xf0\x9f\x98\x85 https://t.co/MqoBn9Wm2W'
116,2020-12-07 01:20:08+00:00,"b'Singkat cerita, Aku kecewa\n\nPak Han Semalam #StartUpEp15 #BersamaPulihkanEkonomi #katakata'"
117,2020-12-07 01:12:04+00:00,b'Daftarkan diri Anda melalui Link berikut ini (Pilih Hari dan Tanggal) :\nhttps://t.co/BpfWClaOGX\n#MinuteMaidPulpy \n#StartUpEp15 \n#indonesiacantik \n#energibaruterbarukan https://t.co/KAXsy2wMkG'
118,2020-12-07 01:05:46+00:00,"b'Smpe skrg blom nntn #StartUpEp12 , #StartUpEp15 #StartUpEp16 pke subtitle ashshsh'"
119,2020-12-07 00:59:47+00:00,"b'Maraton smlman nntn #StartUpFinale Ampe syndrome otak, hati dan perasaan. Campur aduk nntnnya, teruntuk kmu mas Han Ji-Pyeong Gomawoo udh jga Dal-Mi dan dukung trs dalmi. Wlaupun second lead, Ji-Pyeong struggle nya gk sia"", bktinya mrka jdi CEO sukses #StartUpEp15 #StartUpFinale https://t.co/6K7NAb47RH'"
120,2020-12-07 00:46:38+00:00,"b'Drama Start-Up Tamat, Suzy Sulit Bedakan Kebahagiaan dan Kesedihan https://t.co/OY7yx3wixf #StartUp #StartUpEp15'"
121,2020-12-07 00:17:20+00:00,"b'#StartUpEp15  #StartUpEp16\nDosan : kenapa kau menyukaiku ?\nDalmi : kenapa aku perlu alasan ? Aku hanya menyukaimu, tidak ada alasan. Karena itu kamu. Kamu adalah alasannya. Hanya itu\xf0\x9f\x98\x8c'"
122,2020-12-07 00:14:56+00:00,b'Saya menjual GIFT BOX/ HAMPERS KERUDUNG MOTIF VOAL seharga Rp65.000 - Rp68.000. Dapatkan di Shopee sekarang! https://t.co/iPTQHbpXge \n\nBismillah yu PO buat yg bngung cari kadoo\xe2\x9d\xa4\xe2\x9d\xa4\xe2\x9d\xa4 #StartUpEp15 #StarUpEp16 #ShopeeID #1212ShopeeBirthdaySale #PewiraUsahaPemula #giveaway https://t.co/t8Pl6BmRDK'
123,2020-12-07 00:07:19+00:00,b'silahkan dibaca Bunda https://t.co/RunJEc0a5t #StartUp #StartUpEp15 Sesuai dugaan memang anagramnya dibutuhkan untuk menangkap pelaku ransomware di #StartUpFinale https://t.co/MwSUhoI7Sp'
124,2020-12-06 23:49:28+00:00,b'Han ji pyoeng anak baik #StartUpEp15'
125,2020-12-06 23:46:33+00:00,"b'Makin mikir kalo pak han emang ga pantes buat dalmi, ia berhak dapet kebahagiaan lebih besar dari sekedar memiliki dalmi. Dalmi tidak sekeren itu untuk ngedapetin pah han. Titik. \n\n#StartUp \n#TimJiPyeong \n#StartUpEp15 https://t.co/rViYmCG1Vm'"
126,2020-12-06 23:33:49+00:00,b'Yung kahit maging masaya lang sila magkasama okay na sakin e. Kahit di man sya ang nakatuluyan ni Dal mi at least yung kaisa-isang taong pinakinggan sya at umaruga sa kanya maging masaya kasama nya. \xf0\x9f\xa5\xba #StartUp #StartUpEp15 #StartUpEp16 #StartUpFinale #HanJiPyeong https://t.co/XurVaqL7ot'
127,2020-12-06 22:52:35+00:00,b'Babi bisa jadi topik seru ternyata\n\n#StartUp \n#StartUpEp15 https://t.co/BJxYZ0lfdl'
128,2020-12-06 22:41:06+00:00,b'Turut berbahagia\n#StartUp\n#StartUpEp15 https://t.co/JlYTcMKfOn'
129,2020-12-06 22:01:15+00:00,b'Duh...Nasib bang Jipyeong cuma dapet kembangnya doang\xf0\x9f\x98\xad\n#StartUpEp15 \n#StartUpEp16 https://t.co/zcDvbaebhC'
130,2020-12-06 20:50:20+00:00,"b'yaudah, kamu sama aku aja yuk #KimSeonHo #HanJiPyeong #StartUpEp16 #StartUpEp15 #TeamJiPyeong #Jipyeong #KimSeonHo #SeonHo https://t.co/gyPqOzU3ea'"
131,2020-12-06 20:26:12+00:00,"b'"" Jangan Membuat Keputusn Saat Marah dan Jangan Membuat Janji Sewaktu Sedang Gembira ""\n\n#StartUpEp15'"
132,2020-12-06 20:23:07+00:00,b'Nyeessel nnton #StartUpEp15 hallah https://t.co/HjN2yZFEeM'
133,2020-12-06 20:22:00+00:00,b'Azab diem dieman di lift\xf0\x9f\x98\x82\n#StartUpEp15 https://t.co/6dFMpP94xP'
134,2020-12-06 20:17:13+00:00,b'#StartUpEp15 sudah ditonton.\nSedih ga sih kalian jika Han Ji-pyeong emang harus sendiri mulu https://t.co/RPJx1kcxWM'
135,2020-12-06 19:45:38+00:00,b'abis nonton #StartUpEp15 jd males lanjutin nonton krn udah tau endingnya\xf0\x9f\x98\xad'
136,2020-12-06 19:04:48+00:00,"b'Silahkan saja bermimpi ,karna itu gratis.\nTapi jangan lupa,kenyataan itu mahal.\n#StartUpEp15'"
137,2020-12-06 18:40:38+00:00,b'BESTNYA ADA KERETA SELF DRIVING NI.  AKU TIDUR KEJAP THEN DAH SAMPAI DESTINASI\xf0\x9f\x98\x82 #StartUpEp15'
138,2020-12-06 18:25:35+00:00,b'#StartUpEp15 canggung sekali wkwk https://t.co/50ptPSN7MS'
139,2020-12-06 18:24:49+00:00,b'han ji pyeong \xf0\x9f\x99\x8c\xf0\x9f\x8f\xbb\n#StartUpEp15 #StartUp https://t.co/rJf71JYjhF'
140,2020-12-06 18:24:09+00:00,b'drunk han ji pyeong\n#StartUpEp15 #StartUp https://t.co/GUYsYWCidT'
141,2020-12-06 18:16:16+00:00,"b'Terimakasih Han Jipyeong dari kamu aku belajar , arti mencintai paling tulus adalah mengkhilaskan dia bahagia dengan pilihannya\n\n#Jipyeong #JIPYEONGDESERVESBETTER #JiPyeongDalMi #StartUpEp16 #StartUpEp15 #starup'"
142,2020-12-06 18:12:14+00:00,b'okay now kita marathon tengok #StartUpEp15 &amp; #StartUpEp16'
143,2020-12-06 18:02:43+00:00,b'perdebatan yang sering terjadi antara aku dan diriku. #StartUpEp15 https://t.co/lHzNECifDT'
144,2020-12-06 17:53:02+00:00,"b'Yahhhh kena spoiler #StartUpEp16 ,Yang #StartUpEp15 Aja belum nonton'"
145,2020-12-06 17:51:10+00:00,b'#StartUpEp15 the End. Tapi cintaku pada Dosan Never End wkwkwk *apasih'
146,2020-12-06 17:48:49+00:00,"b'Baru bgt selesai nonton #StartUpEp15 dan udh fix Jipyeong udh gaada peluang lagi hihihi\nJipyeong pasti bisa dpt yg lebih baikkk,pasti.'"
147,2020-12-06 17:43:47+00:00,b'Alasan paling logis waktu beneran suka sama seseorang xixixi \n#StartUpEp15 https://t.co/tVfXhpMuVr'
148,2020-12-06 17:39:17+00:00,b'PUAS BGT SAMA ENDINGNYA. Karena Ji pyoung gak pergi dan bisa tersenyum disini :) speechless bgt pokomya lihat JI PYOUNG...\nTHE REAL BEST DRAMA OF THE YEAR #JIPYEONGDESERVESBETTER #StartUpEp15 #JiPyeongDalMi #JIPYEONGDESERVESBETTER selamat tidur nyenyak semua :) https://t.co/fdjD9pTS0K'
149,2020-12-06 17:39:11+00:00,"b'The Last... Bener bener nangis the lastttttttttttttttttt. Seo In Jae Is back :) nangis karena halmeoni kelihatan bgt senengnya. Ya lu bayangin ajah udh 15 th ga ketemu cuy, ah sedih lah pokonya :) #InJae #StartUpEp15 https://t.co/85FuwLGVtj'"
150,2020-12-06 17:39:09+00:00,"b'udah nih, tadi nnfon sempet loading karna sinyal akhirnya memutuskan untuk Skincare an. Yakin bgt gak akan nangis lagi soalnya udh bombay bgt dr awal, tiba tiba Scane oni muncul,langsung deh bombay lagi\xf0\x9f\x98\xadGENTEL BGT GAK NGERTI LAGI!!!!!!!! #StartUpEp15 #JIPYEONGDESERVESBETTER https://t.co/d60dIrt8EC'"
151,2020-12-06 17:34:39+00:00,b'Nonton #StartUpEp15 gabisa berenti ss muka dosan\xf0\x9f\x98\xad knp dya makin gantenk astga\xf0\x9f\xa4\xa7 https://t.co/dWNuV79M18'
152,2020-12-06 17:27:24+00:00,"b'Ini ending yg bener bener gak disangka bgt, you deserves better Jipyoung :) sekali lagi disini nangis karena terharu dan sedih ngebayangin selama ini ji pyoung berjuang sendirian \xf0\x9f\x98\xad #JIPYEONGDESERVESBETTER #JiPyeongDalMi #StartUpEp15 https://t.co/LxDClT0e8Y'"
153,2020-12-06 17:27:15+00:00,b'Ini scane kedua TER NANGIS BOMBAY \xf0\x9f\x98\xad gak ngerti lagi sehebat itu Han Jipyoung bisa melewati semua ini sendirian \xf0\x9f\x98\xad. THE REAL INFLUENCER OF THE YEAR!!!!  #StartUpEp15 #JIPYEONGDESERVESBETTER #JiPyeongDalMi #jipyeongisfree #hanjipyong https://t.co/yUF4KGzwiO'
154,2020-12-06 17:27:02+00:00,"b'Oke dr awal gue udh yakin ini episode bakal sedih bgt, scane ini salah satunya. Saat yg lain lagi pada bahagia tiba tiba halmeoni terdiam dan teringat ke jipyoung :) #Harusnya ji pyoung yang disana bukannya..... nam dosan :) #StartUpEp15 #ThankYouJipyeong #JIPYEONGDESERVESBETTER https://t.co/NaEaTeVDEI'"
155,2020-12-06 17:24:43+00:00,b'Level tertinggi dari mencintai seseorang adalah mengikhlaskan dia bahagia dengan pilihannya\n#StartUpEp15'
156,2020-12-06 17:16:32+00:00,"b'karakter nenek dalmi kalo beneran ada udah jadi ciptaan Tuhan yang paling angelic, endingnya udah ke tebak, dan paling berkesan cuman soundtrack-nya. gaho running is the best song to make your day #StartUpEp15'"
157,2020-12-06 17:12:21+00:00,"b'Jipyeong - in jae sih favorit gue #StartUpEp15 #StartUpEp16 karena karakter mereka yang bener2 ngewakilin judul START UP yang sesungguhnya. DalMi DoSan menurut gue masih dominan romance nya... Giliran udh saling suka, kissing melee\xf0\x9f\xa4\xa6 \n\nJipyeong-in jae pikirannya bisnis trosss\xf0\x9f\x94\xa5\xf0\x9f\x91\x8f'"
158,2020-12-06 17:10:55+00:00,b'Gua seneng bgt ujungnya dosan sm dalmi wkwk Sabar ya pyeong namanya juga belum jodoh udh jgn sedih ya msh ada gua ko wkwk #StartUpEp15'
159,2020-12-06 17:08:19+00:00,b'Ya ampun undangannya tiba \n\nUndangan kehaluan \n\n#StartUpEp16 #StartUpEp15 #StartUp #HanJiPyeong #HanJiPyeongTeam https://t.co/7ByOMdNloJ'
160,2020-12-06 17:06:46+00:00,"b'Klo soal bisnis, masih ada konflik sama morning group. Karena shin twin kerja buat Morning grup dan mau jatuhin lewat isu ransomware. Padahal dalang yang bikin juga mereka \xf0\x9f\x98\xaa\n#StartUpEp15'"
161,2020-12-06 17:02:03+00:00,b'Sek sek sek tarik nafas \xf0\x9f\x98\xa4\xf0\x9f\x98\x8d\n#StartUpEp15'
162,2020-12-06 16:52:36+00:00,"b'selalu ngusahain apapun demi bahagiain cewenya\xf0\x9f\xa5\xba\xf0\x9f\x92\x98\xf0\x9f\x92\x98, damagenya bukan main sih mas sukangawur meskipun w teamjipyeong\xf0\x9f\x98\x8c #StartUpEp15 https://t.co/glloFaItbE'"
163,2020-12-06 16:50:40+00:00,"b'kenapa gw bilang romancenya kill di #StartUpEp15, karena adegan ini. There is no reason to love #NamDoSan, ya karena dia. Masa lalu udah masa lalu (love letter). Sbuah pelajaran dari mba dalmi.\nKalo pelajaran dari Chulsan buat cowo2, deketin cewe yg sopan! Ujungnya kelepek juga https://t.co/AEIbCjk6ID'"
164,2020-12-06 16:44:25+00:00,b'Berakhir sudah cerita #TeamDosan Vs #TeamJipyeong intinya gg ada yg kalah. Menang semua itu sahamnya pada ijo di Kosdaq atau Kospi hehe. Makasih dah nemenin waktu kosongku #StartUpEp16 #StartUpEp15 #StartUp'
165,2020-12-06 16:42:18+00:00,b'Untuk Han Ji Pyeong Gomawoo sudah membuat hari-hari ku indah. Kamu pria yg sangat baik. Love you Mas Kim Seon-ho \xf0\x9f\x98\x8d\xe2\x99\xa5\xef\xb8\x8f \n\n#StartUpEp16 #StartUpEp15 #KimSeonHo #ThankYouJipyeong #HanJiPyeong https://t.co/DxDPA1kEo9'
166,2020-12-06 16:41:16+00:00,"b'Sabar Jane, besok aja ya nonton #StartUpEp15 nya yaaa'"
167,2020-12-06 16:41:04+00:00,"b'#StartUpEp15 \nMenurut gw episode ini jadi kill nya romance. Disini #NamDoSan bener-bener mau perjuangin Dalmi, tapi #pakhan juga berusaha, walau akhirnya ikhlas dengan cukup bawa surat dan money tree \xf0\x9f\xa4\xaf\xf0\x9f\x98\xad\xf0\x9f\xa4\xa7\nTapi akhirnya kapalku berlabuh! Saha Chulsan \xf0\x9f\x91\x8f https://t.co/nr32J0b1Z2'"
168,2020-12-06 16:35:04+00:00,b'senyumnya bikin meleleh banyak umat #HanJiPyeong \n#HanJiPyeongTeam \n#StartUpEp16 \n#StartUpEp15 https://t.co/vWGnpKosui'
169,2020-12-06 16:32:01+00:00,"b'Hari ini berpisah dengan Dosan, siap meunggu Yeongsuk di Film Josee \xec\xa1\xb0\xec\x84\xb8\xf0\x9f\x98\x8d\xe2\x9d\xa4\xef\xb8\x8f\n#GoodJobNamJooHyuk #ThankYouStartUp #ThankYouDodal #StartUpEp15 #StartUpEp16 https://t.co/QEzmznSP0b'"
170,2020-12-06 16:25:57+00:00,b'Apa aku doang yang skip adegan dalmi dosan di #StartUpEp16 sama #StartUpEp15 karena adegannya terlalu sinetron indonesia.'
171,2020-12-06 16:22:56+00:00,"b'Dari Lak Han kita belajar, ""Level tertinggi dalam mencintai yaitu mengikhlaskan:))"" #StartUpEp15'"
172,2020-12-06 16:11:56+00:00,"b'Jung Sa-ha nyuruh Chul-san berenti ngevlog &amp; ngajak pacaran \xf0\x9f\x91\x8f\xf0\x9f\xa4\xa3\xf0\x9f\xa4\xa3\n\nLucu banget mereka kalo lagi cemburu \xf0\x9f\x98\x86\n\nJipyeong lembut banget ke Dalmi. \xf0\x9f\x98\x8d\xe2\x9d\xa4\n\nLagi asik ngobrol berduaan, Dosan ganggu aja pake nongol \xf0\x9f\x98\xa4\xf0\x9f\x98\x8f\n\n#StartUp\n#StartUpEp15 https://t.co/lyRDMqaw2F'"
173,2020-12-06 16:11:12+00:00,b'gasanggup lanjutin 2 eps terakhir #StartUpEp15 #StartUpEp16 \xf0\x9f\xa5\xba poor my jipyeong \xf0\x9f\x98\xa2\xf0\x9f\x92\x94'
174,2020-12-06 16:00:52+00:00,b'Nunggu bgt behind the scenes nya #StartUpEp15 dan  #StartUpEp16'
175,2020-12-06 15:54:13+00:00,"b'Suka bgt karakter Han Ji Pyeong. Sangat dewasa, peka, n selalu  berusaha mjd orang baik sekalipun perkataannya tajam. Sikap realistis nya itu yg bisa menggerakan orang lain. Senang akhirnya dia menemukan kebahagiaannya sendiri.\xf0\x9f\xa5\xb0\n\n#StartUpEp15 #StartUpEp16 #\xec\x8a\xa4\xed\x83\x80\xed\x8a\xb8\xec\x97\x85 \n#\xed\x95\x9c\xec\xa7\x80\xed\x8f\x89 https://t.co/TTMSs3QOuX'"
176,2020-12-06 15:45:03+00:00,b'Ngantok tp #StartUpEp15 x habis tgk lg.'
177,2020-12-06 15:44:38+00:00,"b'Kau mengalahkan kenangan kami dengan satu tangan itu.\n\nSad Boy Han ji pyeong.\n\n-Hanya karena tangan, kenangan yang membuat dal mi bertahan di hari hari sulitnya terlupakan begitu saja, terus dengan entengnya minta maaf doang.. Argh\xf0\x9f\x98\xad\n\n#StartUpEp15'"
178,2020-12-06 15:43:54+00:00,"b'Listrik padam Wifi mati Hujan deres bnaget koneksi internetpun membusuk, ayolah dah pen nonton StartUp last episod nihh\n#StartUpEp16 #StartUpEp15'"
179,2020-12-06 15:39:57+00:00,b'Pak han adalah aku\xf0\x9f\x98\x80 #StartUpEp15 https://t.co/Djdy0Ad954'
180,2020-12-06 15:39:27+00:00,b'pak han aku padamuuu\xf0\x9f\x98\xad sayang pak han\xe2\x9d\xa4\xef\xb8\x8f #HanJiPyeong #StartUpEp15 #KimSeonHo #teamhanjipyeong https://t.co/6J523xneqc'
181,2020-12-06 15:37:37+00:00,"b'Ya Allah, Heh Dosan ! Ndak boleh begitu, Dosa! \nKasihan Dal-mi, jangan kau nodai.\nHalalkan dulu, main sosor aja.\n#StartUpEp15 https://t.co/45AtWEPgRa'"
182,2020-12-06 15:35:25+00:00,b'Sayang banget \xf0\x9f\xa5\xba\xf0\x9f\x92\x9c\n#StartUpEp15 https://t.co/b4qWN9LEpY'
183,2020-12-06 15:35:02+00:00,b'Eps. 15\n\nSeneng banget liat team In Jae kompak gini \xf0\x9f\x98\x8d\n\nSaha cemburu gegara Chulsan banyak fans cewek. Gemes \xf0\x9f\x98\x86\xf0\x9f\xa4\xa3\xf0\x9f\xa4\xa3\n\nDulu bahkan Saha ga lirik Chulsan \xf0\x9f\x99\x88\xf0\x9f\x98\x86\n\n#StartUp \n#StartUpEp15 https://t.co/Hb6DCwW3w6'
184,2020-12-06 15:31:42+00:00,b'Mengapa jantung bisa berdebar setelah minum kopi?\n#StartUpEp15 https://t.co/PC68fL4bNH'
185,2020-12-06 15:16:13+00:00,b'@cumanana_ Mantap bangettt alasanya \xf0\x9f\x91\x8d\xf0\x9f\x91\x8d\n\nYuk buruan #Vote juga \xf0\x9f\x91\x87\nhttps://t.co/s2pUmD6FLR\n\n#MAMA2020 #NCT2020onMAMA #seventeen #StartUpEp15 #BestLeaderSowonDay #StartUpEp16 #ItaewonClass #Jipyeong #DoSan'
186,2020-12-06 15:15:31+00:00,"b'@avnurra Wahhh bisnis apa tuh kak, semoga bisa belajar dari itaewon yaaa\n\nYuk buruan #Vote juga \xf0\x9f\x91\x87\nhttps://t.co/s2pUmD6FLR\n\n#MAMA2020 #NCT2020onMAMA #seventeen #StartUpEp15 #BestLeaderSowonDay #StartUpEp16 #ItaewonClass #Jipyeong #DoSan'"
187,2020-12-06 15:14:50+00:00,b'@ms_kepomaksimal Semoga di dunia nyata ada yang kayak gitu ya kak hehe\n\nYuk buruan #Vote juga \xf0\x9f\x91\x87\nhttps://t.co/s2pUmD6FLR\n\n#MAMA2020 #NCT2020onMAMA #seventeen #StartUpEp15 #BestLeaderSowonDay #StartUpEp16 #ItaewonClass #Jipyeong #DoSan'
188,2020-12-06 15:14:21+00:00,b'@linn_tong @aprieta62 Wahhh wajib nonton sampe habis sih kak hehe\n\nYuk buruan #Vote juga \xf0\x9f\x91\x87\nhttps://t.co/s2pUmD6FLR\n\n#MAMA2020 #NCT2020onMAMA #seventeen #StartUpEp15 #BestLeaderSowonDay #StartUpEp16 #ItaewonClass #Jipyeong #DoSan'
189,2020-12-06 15:13:30+00:00,"b'@worrii_ Wah, mantap banget alasannya. Emang penuh dengan pelajaran berharga yaaa hehe\n\nYuk buruan #Vote juga \xf0\x9f\x91\x87\nhttps://t.co/s2pUmD6FLR\n\n#MAMA2020 #NCT2020onMAMA #seventeen #StartUpEp15 #BestLeaderSowonDay #StartUpEp16 #ItaewonClass #Jipyeong #DoSan'"
190,2020-12-06 15:09:56+00:00,"b'Thankyou Start up\nYang udah nemenin 2 bulan ku, bener\xc2\xb2 drama on going yang gw ikutin dari awal sampe akhir, sampe teori\xc2\xb2 nya dan rasa gregetan nya \xf0\x9f\x98\x81 Thanks untuk semua pemain dan staff yg bekerja. \n1 pekan 2 ep, 16 ep 2 bulan\n\n#ThankYouStartUp \n#StartUpEp15 \n#StartUpEp16'"
191,2020-12-06 14:57:00+00:00,b'Knpa ya drakor ini ga dijadiin sinetron BIKIN MEWEK\xf0\x9f\x98\xad \n#StartUpEp16 \n#StartUpEp15 \n#HanJiPyeong \n#Dosan https://t.co/VZFt6ZDH2S'
192,2020-12-06 14:52:19+00:00,b'Pengen lanjut start-up garagara liat ini tapi apadaya yg ep 14 15 aja belom:(\n#StartUpEp16 \n#StartUpEp15 \n#StartUpEp14 https://t.co/lPlm9R2Bvk'
193,2020-12-06 14:51:05+00:00,"b'orang yg bisa memposisikan dirinya dg tepat.\ndia mampu menjadi dipyeonim yg seutuhnya &amp; menahan perasaannya spy tdk terlibat. GOOD JOB ANAK BAIK, PAK HAN\xe2\x9d\xa4\xe2\x9d\xa4\nbest drakor 2020.\n\n#StartUpEp15 #StartUpEp16 \n#KimSeonHo https://t.co/WqcOOylw79'"
194,2020-12-06 14:50:24+00:00,b'@melfeyadin dari #StartUpEp15 juga udah keliatan sih endingnya si sutradara mau kemana.'
195,2020-12-06 14:48:29+00:00,"b'@andori Aku team ga nonton dulu sebelum episode abis, tapi nonton #YTREWINDPEKANBARU2020 dulu baru #StartUpEp15 #startup16 https://t.co/OZAQO4EsxP'"
196,2020-12-06 14:43:59+00:00,b'Kongjaban......... \xf0\x9f\xa4\x9f\xf0\x9f\x8f\xbb\n#StartUpEp16 \n#StartUpEp15'
197,2020-12-06 14:42:22+00:00,b'Test drive Tarzan\n10% menampilkan kecanggihan mobil\n90% Do San Dal Mi tatap tatapan\n\n\xf0\x9f\xa5\xb5\xf0\x9f\xa5\xb5\xf0\x9f\xa5\xb5\n\n#StartUpEp15'
198,2020-12-06 14:42:10+00:00,"b'Selamat 3,1 M\n#KimSeonHo #ThankYouJipyeong  #StartUpEp16 #StartUpEp15 https://t.co/8EHJRE0k63'"
199,2020-12-06 14:39:53+00:00,"b""Kalo ftv indonesia pasti backsound nya lagu d'bagindas yg kek gini\nJantung ku berdetak saat ku menatap mu~\nLirik selanjutnya aku gatau\xf0\x9f\xa4\xa3\xf0\x9f\x98\x82\n\n#StartUpEp15 #StartUp https://t.co/Bayn7VPkGy"""
200,2020-12-06 14:38:05+00:00,"b'director han ji pyeong, saranghaeeeeeeee #StartUpEp15'"
201,2020-12-06 14:34:42+00:00,"b'Mata yang penuh kesedihan, kesakitan, keterpaksaan .. jaik ati nga Han Ji Pyeong \xf0\x9f\x98\xa5 #StartUpEp15 https://t.co/2xS5NNZO8M'"
202,2020-12-06 14:28:52+00:00,b'Perjuangan samsan tech inspiration #StartUp #NamJooHyuk #BaeSuzy #StartUpEp15 https://t.co/eS1R8qEOQK'
203,2020-12-06 14:23:41+00:00,"b'Ah sudah tau bakalan painful gini, tapi tetap di tonton jg.\n#StartUp #StartUpEp15'"
204,2020-12-06 14:23:01+00:00,b'HARAP MINGGIR MANTU IDAMAN MAU LEWATT.  PIPIPIPIP CALON MANTUUUU\n\nHan Ji Pyeong\n#StartUpEp15 #JiPyeongDalMi #StartupEp16 #HanjiPyeong https://t.co/ryAxmhT7Uz'
205,2020-12-06 14:22:43+00:00,b'#StartUpEp15 \n             Ekspektasi       Vs.       Realita https://t.co/OkjJaZB7ll'
206,2020-12-06 14:21:56+00:00,"b'Udah episode terakhir aja ni wkwk lah gw baru mau nonton. Kek nya bakalan begadang deh, baru Eps2 aja dah kelepek\xc2\xb2.\nBtw gw salfok sama pak Han Ji Pyeong, ganteng amatt sihh :)) \xf0\x9f\x98\x8d\n#StartUpEp15 \n#StartUpEp16 https://t.co/wJoHMD1qzb'"
207,2020-12-06 14:20:26+00:00,b'Nonton karena dodal wedding \xe2\x9d\x8c\nNonton karena yeong-sil muncul dalaw wujud manusia \xe2\x9c\x85 \nValid nodebat \xf0\x9f\x98\xad\xf0\x9f\x98\xad\xf0\x9f\x93\x89\xf0\x9f\x93\x89\n\n#StartUpEp16 #StartUp #StartUpEp15 https://t.co/zFT5NAZuDU'
208,2020-12-06 14:20:18+00:00,"b'#StartUpEp15 memberanikan diri ini nonton :"") dimulai dari bapak direktur yg iri sama Do-san https://t.co/pNEelgKpHK'"
209,2020-12-06 14:20:15+00:00,b'BEST BOY INDEED!!!!! KAYO NALANG KASI NI MS. CHOI \xf0\x9f\x98\xad\xf0\x9f\x98\xad\xf0\x9f\x98\xad #StartUpEp15 #HanJiPyeong https://t.co/aM6MEY2zGN'
210,2020-12-06 14:17:59+00:00,"b'Orang lain dah #StartUpFinale, aku baru nak #StartUpEp15. Member dah meroyan sorang sorang petang tadi.'"
211,2020-12-06 14:16:14+00:00,b'Patah hati aja tapi tetep senyum dan ganteng \xf0\x9f\xa5\xba\xf0\x9f\xa5\xb0\n\n#Jipyeong #HanJiPyeong #StartUpEp15 https://t.co/1uWeBRuEIE'
212,2020-12-06 14:12:01+00:00,b'kawawang good boi \xf0\x9f\x98\xad\xf0\x9f\x98\xad\xf0\x9f\x98\xad\n\n#StartUpEp15'
213,2020-12-06 14:11:13+00:00,b'Parang di ko kaya maging okay. \xf0\x9f\x98\xad #StartUpEp15 https://t.co/kpmGfSL5f3'
214,2020-12-06 14:10:48+00:00,b'#StartUpEp15 knapa pas liat kali ini berasa dosan cakeup ya dgn ke jeniusannya\n\nTapi tetep aku tim #JIPYEONGDESERVESBETTER'
215,2020-12-06 14:08:49+00:00,b'FUCKKK IMSCREAMING CAN YOU HEAR ME OMMMAAAA KAPAL AKU BERLAYAR #StartUpEp15 https://t.co/lcV5CuEDT3'
216,2020-12-06 14:08:19+00:00,b'japp aku bru teringatt aku tk habis lagii 10 minit terakhirr #StartUpEp15 hshdhsjs'
217,2020-12-06 14:06:05+00:00,b'Dimana nyari miras garut weeee \xf0\x9f\xa4\xa3 #StartUpEp15 https://t.co/6qhUPpppNq'
218,2020-12-06 14:04:35+00:00,b'tb #StartUpEp15 sebelum perpisahan malam ini \xf0\x9f\x98\xad\xf0\x9f\x98\xad\xf0\x9f\x98\xad\xf0\x9f\x98\xad https://t.co/iwsfPTrxAp'
219,2020-12-06 13:59:25+00:00,b'Woah CEO Seo In-Jae at @MnetMAMA  #StartUpEp15 https://t.co/LOVN2Y2DJU'
220,2020-12-06 13:59:20+00:00,"b'Pak Han, bahagiamu gak harus sama Dalmi kok Pak #StartUpEp15'"
221,2020-12-06 13:58:58+00:00,b'@andori team versiku #StartUpEp15 \nteam ji pyeong 55%\nteam nenek 20%\nteam saha 10%\nteam injae 10%\nteam chul san 5%\nteam dosan (aku ga liat)\nteam dalmi (aku merem)\nyong san? sama aku ajaaaa wkwkwk\xf0\x9f\x98\x82'
222,2020-12-06 13:58:56+00:00,b'bismillah nyakitin diri sendiri #StartUpEp15 #starupep16'
223,2020-12-06 13:58:55+00:00,"b'Hai kakk numpang jualan yaa \xf0\x9f\x98\x8a\n\nAkuu openn po untukk startup kit nya nih!! Yang kepo sama keterangan dll, bisa cek ig kita yaa di @ blueb.errypai bisa shopee juga loh!!! Btw bisa order kit nya aja dan under 100k!! \xf0\x9f\x98\xb1  \n\n#StartUpEp15 #StartUp https://t.co/eGjCeVvA8r'"
224,2020-12-06 13:57:25+00:00,"b'balaikota trilyunan, banyak penunjukkan langsung jg #StartUpEp15 https://t.co/xzW0HzWnAr'"
225,2020-12-06 13:56:40+00:00,b'pas banget nih kelar #StartUpEp15 \ntinggal nunggu episode terakhirnya. sebentar lagi~ https://t.co/IxPLOwF3cr'
226,2020-12-06 13:50:28+00:00,b'Nam Do San lang malakas! \xf0\x9f\x98\x8d\xf0\x9f\x98\x8d\xf0\x9f\xa5\xb0\n#StartUpEp15 https://t.co/xdPEmDMX6f'
227,2020-12-06 13:48:21+00:00,b'Admin kalau bab lagu memang ketinggalan \xf0\x9f\x98\x82\n.\n.\n.\n#dmanisan #popcorncaramel #makanmakan #jalanjalancarimakan #makanmalam #kudapkudap #kunyahkunyah #makananringan #tiktokmalaysia #brocuba #naksentap #nakbebel #nakfakta #startup #StartUpEp16 #StartUpEp15 #StartUpFinale https://t.co/FXARLRql7r'
228,2020-12-06 13:48:06+00:00,b'Klo aku nikah sama han jipyeong kalian se7 ga\xf0\x9f\x98\x83\n#StartUpEp15 \n#HanJiPyeong'
229,2020-12-06 13:45:53+00:00,b'Pak Han soal keputusan saya : \n\n#startUp #startUpEp15 https://t.co/NLJn1HMLnB'
230,2020-12-06 13:42:27+00:00,b'Gk sanggup nonton start up episode terakhir\xf0\x9f\x98\xad\xf0\x9f\x98\xad\xf0\x9f\x98\xad\nYang sabar Pak Han\n#StartUpEp15\n#StartUpEp16'
231,2020-12-06 13:37:09+00:00,b'sumpaaahh ya anpun #StartUpEp15 walaupun bukan team jipyeong tapi yall pasti tau gimana jipyeong natap dalmi tuh udah kayak a whole universe di mata dia. kenapa ya. kenapaaaa. kenapa orang kayak dia gak bikin dalmi ngelirik gitu.'
232,2020-12-06 13:33:01+00:00,b'Belum siap ditinggal tamat sama kaliannn \xf0\x9f\x98\xad\xf0\x9f\x98\xad\n#StartUpEp15 https://t.co/mJoeVJckAI'
233,2020-12-06 13:31:21+00:00,b'#StartUpEp15\n\nSana maging masaya ka Good Boy \xf0\x9f\x99\x8f\xf0\x9f\x92\x99 https://t.co/v1PaxueMKz'
234,2020-12-06 13:28:47+00:00,"b'Cowo kalo pake turtleneck + jas itu emang tingkat kegantengannya bakal jd nambah berkali kali lipat ya.. Apalagi kalo yg makenya itu suka ngawur, aahh mantap \xf0\x9f\x98\x8d\xf0\x9f\x98\x8d \n#startup #StartUpEp15 #NamDoSan https://t.co/IrRH9vTnl8'"
235,2020-12-06 13:17:25+00:00,"b'Adek dosan yang kece,plis deh ga perlu nanyain kenapa dalmi suka ama kamu.\nKalo org uda suka ya suka aja,ga perlu alasan. \xf0\x9f\x98\x81\nEmang sepenting apa sih alasan utk menyukai itu.\n\n#TimJiPyeong \n#StartUpEp15'"
236,2020-12-06 13:13:30+00:00,"b""-bahwa kenyamanan orang yang kamu cintai jadi lebih utama daripada perasaanmu sendiri. Itu level mencintai tertinggi, nggak sih?\n\nStan for Jipyeong until the end:')\n#StartUpEp15 \n\nnb : scene akhir pun dia masi care ama Dalmi dkk pas mereka ditipu jurnalis, ampe lari-lari dia:( https://t.co/GpjRrF2dSR"""
237,2020-12-06 13:11:42+00:00,"b'Jadi Ji Pyeong ini kayak mak comblang yang jatuh cinta, lalu akhirnya sadar. Wkwk. Jadi ingat seorang teman \xf0\x9f\x98\x82\xf0\x9f\x98\x82\n#StartUpEp15'"
238,2020-12-06 13:10:40+00:00,"b'Ang tagal matapos ng MAMA, di ko pa napapanood #StartUpEp15'"
239,2020-12-06 13:07:37+00:00,b'jadi jipyeong bahagia apa engga #StartUpEp15'
240,2020-12-06 13:04:33+00:00,"b'Seneng bgt Tarzan berhasil \xf0\x9f\xa5\xb3 \nmaap ss an nya jelek, sinyal xl abis ujan cacat \xf0\x9f\x91\x8e #StartUpEp15 https://t.co/dP7ArSLyhw'"
241,2020-12-06 12:50:46+00:00,"b'Me : han ji pyeong , nam do san , seo dal mi\nMeanwhile ...\nMama : hero tua , hero muda , perempuan tu \xf0\x9f\xa4\xa3\n#StartUpEp15'"
242,2020-12-06 12:50:16+00:00,b'YAALLAH sedih kaliiii aku liat hanjipyeong yaudaa gakapapa yaaa gakpapa emg cinta bertepuk sebelah tangan itu harus diakhiri:\xe2\x80\x99\xe2\x80\x99))) #StartUpEp15'
243,2020-12-06 12:49:41+00:00,b'NANGIS \xf0\x9f\x98\xad\xf0\x9f\x98\xad\xf0\x9f\x98\xad #StartUpEp15 https://t.co/jHvqvdIv7r'
244,2020-12-06 12:49:19+00:00,b'Senyumannya itu loh\xf0\x9f\xa4\xa4 #StartUpEp15 otw #StartUpEp16 https://t.co/UzDKjhxqPo'
245,2020-12-06 12:48:39+00:00,"b'pasti dosan appa pernah jalan jalan ke garut, tttapi oleh oleh dr garut itu dodol tawu bukan miras....\n\n#StartUpEp15 \n#StartUp https://t.co/ZpgpMIwGCj'"
246,2020-12-06 12:47:28+00:00,b'Mau menguatkan hati nonton #StartUpEp15 ...'
247,2020-12-06 12:43:44+00:00,b'K la. Sis dah bersedia nak tengok #StartUpEp15 now. Then direct tengok episode last. Fuhh \xf0\x9f\xa4\x9f'
248,2020-12-06 12:42:54+00:00,b'#HanJiPyeongTeam sudahkah hati kalean hancur setelah #StartUpEp15 ??\xf0\x9f\x98\xad\xf0\x9f\x98\xad'
249,2020-12-06 12:39:02+00:00,b'Dahlah\xf0\x9f\x98\xad\xf0\x9f\x98\xad\xf0\x9f\x98\xad\nAku tetap bersamamu Pak Han\xf0\x9f\xa5\xba\xf0\x9f\xa5\xba\xf0\x9f\xa5\xba #StartUpEp15 https://t.co/z7mRzLjdDt'
250,2020-12-06 12:37:50+00:00,"b'Pelajaran yang bisa kita ambil dari ending #StartUpEp15 adalah, hire PR itu perlu, Ceu, atau, on bare minimum, pake service PR consultant.'"
251,2020-12-06 12:37:04+00:00,b'mau ngakak wkwkwk\n\n#StartUpEp15 https://t.co/By4j7Dj4RP'
252,2020-12-06 12:34:22+00:00,b'pas nih.\n\nBismillah.\n#StartUpEp15'
253,2020-12-06 12:32:32+00:00,b'Nantikan review #startup from @Dmanisan_ \xf0\x9f\x98\x8a\n\n#dmanisan #dmanisanlover #reviewbydmanisan\n#StartUpEp15 #StartUpEp16 #StartUpFinale \n\nBoleh baca di IG juga\nhttps://t.co/BHvebeSRg4'
254,2020-12-06 12:30:18+00:00,b'Kayak gini kok disio-sio toh srii sriiiii~~\nNdrenges e kriyuk-kriyuk krenyes2 marai lambe melu mesem pisan ngeneki kudu dilestarikan\n#StartUpEp15 https://t.co/nsAVbUYGEl'
255,2020-12-06 12:29:10+00:00,b'hadeh ternyata w disini baru bisa nonton #StartUpEp15 jam 10 malem'
256,2020-12-06 12:27:43+00:00,b'Panalo ang team Dosan!\xf0\x9f\xa5\xba\xe2\x99\xa5\xef\xb8\x8f #StartUpEp15'
257,2020-12-06 12:25:22+00:00,b'@ShopeeID kasih aku #StartUpEp15'
258,2020-12-06 12:24:25+00:00,"b'Yang selalu ada aja masih kalah sama yang bisa "" Klik "" Kata Dal Mi cintanya sama Do san gak butuh alasan, Kehadiran Ji Pyeong selama ini sirna begitu saja donggg sayaaaa tidaaakkk terimaaaa dong #StartUpEp15'"
259,2020-12-06 12:23:49+00:00,b'Hehehe han jipyeong kok aku yang nyesek ya\xf0\x9f\xa5\xb2 #StartUpEp15'
260,2020-12-06 12:23:34+00:00,b'Dalmi adalah aku\xf0\x9f\xa5\xba\n#StartUp\n#StartUpEp15 \n#StartUpEp16 https://t.co/eD3r7WF5Yi'
261,2020-12-06 12:20:17+00:00,b'#StartUpEp15 dpt 2 kiss + confess.nya Do San\n\nUghhhh \xe2\x9d\xa4\xef\xb8\x8f\xe2\x9d\xa4\xef\xb8\x8f\xe2\x9d\xa4\xef\xb8\x8f https://t.co/qPwjrDgHs5'
262,2020-12-06 12:09:45+00:00,b'Ini kaka adek. Yang adek tim do san. Yang kakak nya tim Ji pyoeng hahaha\xf0\x9f\xa4\x97\xf0\x9f\x98\x82. Aku tim nenek dalmi aja lah\xf0\x9f\x99\x83\xf0\x9f\x99\x83\xf0\x9f\x99\x8f #StartUpEp15 https://t.co/nI6RyAvCUR'
263,2020-12-06 12:08:38+00:00,"b'tolong ini gumush kalii, parahh\xf0\x9f\x92\x94\nbtw aku jg belum siap patah hati\xf0\x9f\x98\xad\n\n#StartUpEp15 \n#StartUpEp16 \n#KimSeonHo \n#teamhanjipyeong \n#KimSeonHo3Mparty https://t.co/2AFVkvrDz3 https://t.co/W5oGDZ0kON'"
264,2020-12-06 12:08:15+00:00,b'anue na bat kayo ganyan mapanakit kayo #StartUpEp15 https://t.co/3woVJrOIpT'
265,2020-12-06 12:07:03+00:00,b'Entah di #StartUpEp15 ini kek males banget liat scene dosan dalmi. Entahlah apa karena di eps ini jipyeonr terlalu dijadikan sadboy parah jd ku males liat dosan\xf0\x9f\x98\x82\nPdhl di eps awal sempet oleng ke dosan\xf0\x9f\x98\x82'
266,2020-12-06 12:05:38+00:00,b'Dari pak han mengajarkan titik tertinggi mencintai adalah mengiklaskan \nTetap menjadi anak baik walau tersakiti terus\nSenyum pak han ga kuattt\nWalau kita tau hatinya hancur\n\xf0\x9f\x98\xad\xf0\x9f\x98\xad\xf0\x9f\x98\xad\n#StartUpEp16\n#StartUpEp15 \n#teamhanjipyeong https://t.co/g2ziraBEW3'
267,2020-12-06 12:04:21+00:00,b'Aping api palagi tong si jipyeong!!! Pero sya naman savior ng team Do San!!! #StartUpEp15 #StartUpEp16'
268,2020-12-06 11:56:28+00:00,"b'Writer-nim nya maksain bgt dalmi sm dosan, ga masuk akal banget anj!! Masa iya hanya krna tangan besar bs melupakan kata2 yg menghibur dr JiPyeong u/ Dalmi melalui surat nya yg membuat Dalmi bs bertahan melalui masa masa sulitnya semasa kecil?\n\n#StartUpEp16\n#StartUpEp15\n#StartUp https://t.co/bqwsybMtwf'"
269,2020-12-06 11:55:37+00:00,"b'DIENDING GW CUMA PENGEN DOI BAHAGIA GA HARUS SAMA DALMI GARIS BAHAWI, ASAL DIA BENERAN NGERASA APA ARTI DARI KATA BAHAGIA YG SESUNGGUHNYA !\n\n#StartUpEp16 #StartUpEp15 https://t.co/wtdKKOadw7'"
270,2020-12-06 11:53:37+00:00,"b'aslinya gak sabar sama #StartUpEp15 dan #StartUpEp16,.tp jaringan ko tai ngene'"
271,2020-12-06 11:52:46+00:00,b'#PakHan pasti bahagia\n\n#StartUpEp15 https://t.co/vL0HD8IdCV'
272,2020-12-06 11:50:37+00:00,"b'@syafirabil Wah, kenapa tuh kak hehe\n\nYuk buruan #Vote juga \xf0\x9f\x91\x87\nhttps://t.co/s2pUmD6FLR\n\n#MAMA2020 #DAY6_ourBestBand #SVTonMAMA #seventeen #StartUpEp15 #StartUpEp16 #ItaewonClass #Jipyeong #DoSan'"
273,2020-12-06 11:50:21+00:00,b'when lu ditanya:\napa alasan kau mencintai ku?\xf0\x9f\xa4\x94\n#StartUpEp15 \n#StartUp \n#Dalmi \n#Dosan \n#HanJiPyeong https://t.co/mgZNYzFR9F'
274,2020-12-06 11:50:10+00:00,b'@cumanana_ Kasih alasannya dong kakkk hehe\n\nYuk buruan #Vote juga \xf0\x9f\x91\x87\nhttps://t.co/s2pUmD6FLR\n\n#MAMA2020 #DAY6_ourBestBand #SVTonMAMA #seventeen #StartUpEp15 #StartUpEp16 #ItaewonClass #Jipyeong #DoSan'
275,2020-12-06 11:49:47+00:00,b'@angsapelupa Bener juga yaaa tapi emang sama-sama mengedukasi mengenai perbisnisan ya hehe\n\nYuk buruan #Vote juga \xf0\x9f\x91\x87\nhttps://t.co/s2pUmD6FLR\n\n#MAMA2020 #DAY6_ourBestBand #SVTonMAMA #seventeen #StartUpEp15 #StartUpEp16 #ItaewonClass #Jipyeong #DoSan'
276,2020-12-06 11:48:45+00:00,"b'@ms_kepomaksimal Wahhh, kasih alasannya dong kak \xe2\x98\xba\xef\xb8\x8f\n\nYuk buruan #Vote juga \xf0\x9f\x91\x87\nhttps://t.co/s2pUmD6FLR\n\n#MAMA2020 #DAY6_ourBestBand #SVTonMAMA #seventeen #StartUpEp15 #StartUpEp16 #ItaewonClass #Jipyeong #DoSan'"
277,2020-12-06 11:48:05+00:00,"b'@rositawp_ Wah mantap banget kak, banyak ilmu bisnis yang bisa diambil yaaa\n\nYuk buruan #Vote juga \xf0\x9f\x91\x87\nhttps://t.co/s2pUmD6FLR\n\n#MAMA2020 #DAY6_ourBestBand #SVTonMAMA #seventeen #StartUpEp15 #StartUpEp16 #ItaewonClass #Jipyeong #DoSan'"
278,2020-12-06 11:47:42+00:00,b'Baru lagi nonton #StartUpEp15 . Gila deh ya makin belagu banget dah si #NamDoSan apalagi si Chulsan. Pengen cepet2 kelar nonton dah gue biar gak emosi mulu karna gue #TimJiPyeong . Tinggal #StartUpEp16'
279,2020-12-06 11:41:50+00:00,b'Level tertinggi dari mencintai adalah mengikhlaskan :)\n#StartUpEp15\n#StartUpEp16\n#Jipyeong https://t.co/G4quQI5WVR'
280,2020-12-06 11:40:58+00:00,"b'Eps 15 blm nonton, gk tau knp kyk gk sanggup liat han ji pyeong \xf0\x9f\x98\xad\xf0\x9f\x98\xad\xf0\x9f\x98\xad #teamhanjipyeong #StartUpEp15 #StartUp'"
281,2020-12-06 11:40:54+00:00,b'Anak baik \xf0\x9f\x98\xad #HanJiPyeong #StartUpEp15 https://t.co/lfBI1BKv9p'
282,2020-12-06 11:39:42+00:00,"b'""pada akhirnya yg berjuang kalah dengan yg menunjukan. Dan yang selalu adapun akan kalah dengan keadaan""\n\nGapapa pakhan. Masih banyak yg seserver. Dan buat dodal congrast! Han ji-pyeong you deserve better\xe2\x9d\xa4\n\n#StartUpEp16 #StartUpEp15 #KimSeonHo https://t.co/KZSGXx8nM9'"
283,2020-12-06 11:33:34+00:00,"b'Tapi cara halusnya han ji pyeong buat mundur juga alus banget huhu baru kali ini ikutan nyesek gtu liat yang bertepuk sebelah tangan, karna mas kunang2 pun yang 1000 taun aku b aja wkwk #StartUpEp15'"
284,2020-12-06 11:32:15+00:00,"b'Jujur dari eps 1-15 baru kali ini bisa terkesan sm Nam do san, walaupun tetep aku lebih suka han ji pyeong wkwk suka waktu doi bilang makasih ke dalmi lembut sekali btw\xf0\x9f\x98\xad #StartUpEp15'"
285,2020-12-06 11:29:11+00:00,b'Cuma  start-up adegan kissing aku skip #StartUpEp15'
286,2020-12-06 11:24:46+00:00,"b'Tanpa ji pyeong, dosan dalmi hanya sekedar COD an bola baseball. \n#HanJipyeong #StartUpEp15'"
287,2020-12-06 11:19:16+00:00,b'Btw #StartUpEp15 i tak tgk lagi\xf0\x9f\xa4\xa4 dh tekad nak terus tgk #StartUpEp16 sbb dah tgk semua spoiler semalam \xf0\x9f\xa4\xa7\xf0\x9f\xa4\xa3'
288,2020-12-06 11:16:12+00:00,b'Nanti malem startup up anjrt udah gangerti lagi secepet itu drakor yang seru seru abisnya\xf0\x9f\x98\xad\xf0\x9f\xa4\xa7 dari kemarin nahan banget btw nonton eps 14-15 blom nonton\xf0\x9f\x99\x82\xf0\x9f\x94\xab \n#StartUpEp15 #StartUpEp16 #STARTUP https://t.co/5GUbWAPUvM'
289,2020-12-06 11:14:42+00:00,"b'endingnya dalmi bkln sm dosan, soalnya akang han jipyeong udh sm aku hehe \xe2\x99\xa1\xe2\x99\xa1 (btw ini pas kmrn lgi malmingan)  #StartUpEp16 #StartUpEp15 #StartUp https://t.co/qpVn0ZARxo'"
290,2020-12-06 11:12:44+00:00,b'Aku tiap liat tatapan dosan ke dalmi...\n#StartUpEp15 https://t.co/GbhmyyDm5B'
291,2020-12-06 11:10:31+00:00,b'lantaklah kalau dosan hero pun aku tetap team ji pyeong \xf0\x9f\xa4\xa9\xf0\x9f\xa4\xa9\n#StartUpEp15'
292,2020-12-06 10:59:39+00:00,"b'KALAH DI HATI DALMI, TAPI MENANG DIHATI BANYAK PENONTON : HAN JI-PYEONG \xe2\x9d\xa4\n\n#StartUpEp16 #StartUpEp15 #HanJiPyeong #KimSeonHo https://t.co/phqe87Vger'"
293,2020-12-06 10:56:02+00:00,b'Syukurlah Han Jipyeong ada 7 jadi gak rebutan \xf0\x9f\x98\x82 \n#StartUpEp16 #StartUpEp15 #KimSeonho #NamJooHyuk https://t.co/LVl5avAS9z'
294,2020-12-06 10:50:00+00:00,"b'Kalau nonton #StartUp kalian selalu pakai prasangka ya apa-apa yang dilakuin sama Samsan Tech bakal salah.\n\nKebangetan banget tau yang terlalu mendewakan Jipyeong dan menjatuhkan karakter lain. Seriusan, semuak itu gue.\n\n#StartUpEp16 #StartUpEp15'"
295,2020-12-06 10:47:03+00:00,b'ngarepin second lead emang bikin patah hati #StartUpEp15 #StartUp #HanJiPyeongTeam #timhanjipyeong https://t.co/8Oz1gb8yR5'
296,2020-12-06 10:45:59+00:00,"b'Di eps 15, ngebuka mata gw gatau kalo yg lain cintanya jipyeong itu dah dilevel tertinggi untuk ukuran dalam mencintai. Lebih tinggi daro dalmi maupun dosan mungkin bagi banyak orang dia kalah. Tapi gw pribadi doi ga kalah sama sekali bro \n\n#StartUpEp16 #StartUpEp15\n#StartUp https://t.co/beXBhTgECY'"
297,2020-12-06 10:45:08+00:00,b'Han ji pyeong masihh bisaa menangg!! Sapa tau plot twisrr #StartUpEp15'
298,2020-12-06 10:44:05+00:00,"b'Gapapa om, sikap lu gini buat gue makin bangga jadi tim lu dari awal wk..\n\nMeskipun potek, tapi yaa gampanglah~\n\n#StartUpEp15 https://t.co/X6X5s2wS1X'"
299,2020-12-06 10:41:29+00:00,b'#StartUpEp15 another HJP is me.\nMenghindar.. tiap menyadari perjuangan cintanya nggak pantas diterusin.. trus mundur alon-alon\xf0\x9f\x92\x83\xf0\x9f\x92\x83\xf0\x9f\x92\x83\n\nkalo gini terus kamu ga akan dapet pacar Pak Han *ini ngomong sama diri sendiri \xf0\x9f\x98\x82\xf0\x9f\x98\x82\xf0\x9f\x98\x82 https://t.co/iaWmMzzbDf'
300,2020-12-06 10:32:21+00:00,b'Detik-detik sebelum kandas nya kapal ji pyeong\xf0\x9f\x98\xad\xf0\x9f\x98\xad\xf0\x9f\x98\xad\xf0\x9f\x98\xad\nSumpah sebagai #TimJiPyeong  gue sedih banget\xf0\x9f\x98\xad\xf0\x9f\x98\xad\xf0\x9f\x98\xad\n\n#ThankYouKimSeonho \n#thegoodboy\n#StartUpEp16 \n#StartUpEp15 \n#KimSeonHo \n#JiPyeongDalMi https://t.co/Mde5yDlNZ5'
301,2020-12-06 10:28:40+00:00,"b""#HanJiPyeong ini lemah banget kalo berhadapan sama sesuatu tentang 'keluarga'.. \n\nSesuatu yang selama ini hilang dari dirinya: keluarga yang utuh.\n\n#StartUpEp15 #StartUpEp16"""
302,2020-12-06 10:27:03+00:00,b'Kayak sya nonton Start Up nampar2 muka Han Ji pyeong #StartUpEp15 https://t.co/kPJa4JdJmo'
303,2020-12-06 10:25:02+00:00,"b'Mr. Han, ang lungkot lang :( #StartUpEp15'"
304,2020-12-06 10:23:21+00:00,b'Menunda kepahitan. \nMenunda #StartUpEp15 karena sesuanu \xf0\x9f\xa4\xa4\xf0\x9f\x98\x93\n\nCc @aku_pipit km gmn?'
305,2020-12-06 10:21:51+00:00,b'Siap siap malem ini eps akhir #teamhanjipyeong #StartUpEp15 #StartUpEp16'
306,2020-12-06 10:21:40+00:00,"b""Kalo percintaan gw akuin jipyeong kalah start jauh dari dosan. Dosan keren selalu nge dukung dalmi yg ga mungkin jd mungkin, ada terus kalo dalmi butuh, bikin seneng dalmi. Tapi sorry to say dia masih ga profesional urusan kerjaan sama urusan pribadi :')\n#StartUpEp15"""
307,2020-12-06 10:21:40+00:00,"b'Buat investasi dan se kaya skrg. Tapi ga lupa sama yg bantu dia, buat dia bahagia. Yg buat dia sakit hati pun masih tetep diperlakukan dgn baik sama jipyeong. Dan puncaknya dia merelakan org yg dia suka biar bahagia sama org lain\n#StartUpEp15'"
308,2020-12-06 10:21:39+00:00,"b'Mau dosan muncul duluan di drama atau jipyeong yg sesuai naskah, gw kayanya ttp tim jipyeong. Liat sisi jipyeong bkn dari segi romantisme nya tapi perjalanan hidup dia yg dari awal gapunya siapa2, numpang hidup di toko org, sampe bisa pinjem uang-\n#StartUpEp15 https://t.co/CAN0B9ZP1Z'"
309,2020-12-06 10:16:16+00:00,"b'#StartUpEp15 \nDari episode kali ini gw belajar bahwa di dunia kerja salah satu hal yang perlu ditekankan adalah profesionalitas dan sifat egois. Profesionalitas yang ditekan maju, dan ke egoisan yang ditekan mundur. Injae, jipyeong adlh contohnya https://t.co/pvrmY1gUMN'"
310,2020-12-06 10:15:59+00:00,b'terima kasih sudah bertahan sejauh ini pak han. aku akan bersama mu sampai akhir hihi\xf0\x9f\x92\x99\n#ThankYouJipyeong #ThankYouStartUp #PreferredGoodBoy #StartUpEp15 #StartUpEp16 https://t.co/acOdJzqRPP'
311,2020-12-06 10:11:49+00:00,"b'Episode 15 kek taek!!!! Apa2an ini, Pak Han -_- #StartUpEp15'"
312,2020-12-06 10:09:25+00:00,"b'Last Day Buy 3 Get 30%off!\xe2\x81\xa3\nKoleksi/jadikan hadiah produk menarik kami yaitu brush set Masami,skincare, kosmetik. Cek web kaycollection&amp;Kay Shop. Promo sampai 6Des2020 #StartUpEp15 #StartUpEp16 #1212ShopeeBirthdaySale #XiuminYouServedWell #MAMA2020 #seventeen #promo #diskon #BTS https://t.co/FoPcZXfkce'"
313,2020-12-06 10:07:21+00:00,b'BALSEM HERBAL PAK LULUK 40 gram #stroke #syaraf kejepit #vertigo #keseleo #darah tdk lancar #asam urat seharga Rp. 28.000. Dapatkan produk ini hanya di Shopee! https://t.co/qzvIGSak2j #ShopeeID\n#StartUpEp15 #sundayvibes #StaySafe #day6 #balsem #Herbal #pakluluk #Facebook https://t.co/Y9E9WEHzAs'
314,2020-12-06 10:05:15+00:00,"b'terkadang orang lain hanya bisa bilang ""gausa usaha keras-keras toh juga belum tentu sukses"" padahal faktanya, usaha kita itu jg belum tentu gagal bukan?\n\nbuat kita semua mari tetap optimis berjuang sesuai apa yg kita mau!\n#StartUpEp15 #TeamNamDoSan https://t.co/PLh915OrAN'"
315,2020-12-06 10:01:54+00:00,b'@ras1langit Hallo pecinta drama #StartUp #StartUpEp15\nMerchandise SandBox ready to buy\xf0\x9f\x98\x8d\nFreebies nya banyak dan free box juga. Langsung cek Shopee kita yaaa lagi ada DISKON 10% lohh kuy \xf0\x9f\x91\x89\nhttps://t.co/9k5aVhTXGq https://t.co/tqqwjMA2Af'
316,2020-12-06 09:47:19+00:00,b'Satu2nya masa depan Pak Han jipyeong adl masa lalu..\nDasar lemah.\n#StartUpEp15 #StartUpEp16'
317,2020-12-06 09:45:46+00:00,b'Bengek gue \xf0\x9f\xa4\xa3\xf0\x9f\xa4\xa3\xf0\x9f\xa4\xa3\xf0\x9f\xa4\xa3\n\n#StartUpEp15 https://t.co/MPJd5s5Rak'
318,2020-12-06 09:40:53+00:00,"b'Tolak tepi kisah Do San, Ji Pyeong dengan Dal Mi jap. Relationship Chul San dengan Sa Ha ni alahai kiutnya \xf0\x9f\x98\x82 #StartUpEp15'"
319,2020-12-06 09:40:33+00:00,"b'Sebenernya awal nonton ini karena ada my ultimate bias #Suzy eh, ternyata bagus juga jalan ceritanya dan banyak juga kata-kata motivasi &amp; pelajaran hidup yang bisa diambil\xe2\x9c\xa8\n\nDi video ini baru beberapanya aja.\n#StartUpEp15 #StartUpEp16 https://t.co/3cUg9rAvdR https://t.co/AwElI0z9mV'"
320,2020-12-06 09:39:53+00:00,b'Nangis tengah malem karna diselingkuhin \xe2\x9d\x8c\nNangis nangis tengah malem karna nonton startup eps 15 \xe2\x9c\x85\n#timhanjipyeong #StartUpEp15 #TimDoSan #timjipyeong #StartUp'
321,2020-12-06 09:35:17+00:00,b'Anak Star Up mana suaranya ???\n\nTim Han Ji pyong vs Tim Nan do san\n\nlo tim mana ?\nGue tim wifi gratis \xf0\x9f\x99\x88\xf0\x9f\x99\x88\xf0\x9f\x99\x88\n\n#DramaTwitter #RetweeetPlease #HanJiPyeong #StartUpEp15'
322,2020-12-06 09:27:06+00:00,b'Team jipyeong inget kata kang parkir\xf0\x9f\x98\xad. Kalo di suruh mundurrr ya mundurrrrrrr\n\n#KimSeonHo #thankyoujipyeong\n#StartUpEp15 \n#StartUpEp16 https://t.co/gtC1IIpMBl'
323,2020-12-06 09:23:58+00:00,b'Gayssss ada yg punya 3 foto itu nggakk???\nPunyaku ilangggggg demi avvahhh\xf0\x9f\x98\xad\nPlisss yg punya bagi dong \xf0\x9f\x98\xad\n#StartUp \n#StartUpEp15 \n#samsantech \n#SeoDalmi \n#NamDoSan \n#HanJiPyeong \nMaap hastag nya banyak huhu\xf0\x9f\x98\xad https://t.co/b8TlgQotKG'
324,2020-12-06 09:23:48+00:00,b'Sampe rumah langsung download #StartUpEp15'
325,2020-12-06 09:19:22+00:00,b'Poteknya kaya aku baru diputusin pacarku \xf0\x9f\x98\xad jahat banget writernimnya \xf0\x9f\x98\xad\xf0\x9f\x98\xad\xf0\x9f\x98\xad\n#StartUp #StartUpEp15 https://t.co/RMtfxpmGcn'
326,2020-12-06 09:17:44+00:00,b'this jipyeong mengingatkanku akan ...\n#StartUpEp15 \n#HanJiPyeong #TeamJiPyeong https://t.co/blYyh2fgKz'
327,2020-12-06 09:16:58+00:00,"b'@rasjawa Sesudah tau gimana mau ngebangun start up nya, bisa juga kita ngemanfaatin teknologi yang ada di sekitar kita, misalnya kaya di drakor #StartUp, dengan ngemanfaatin Sandbox yg bakal ngebantu kita dalam berbisnis, kaya di thread di bawah ini: https://t.co/vHpdkO0iow\n\n#StartUpEp15'"
328,2020-12-06 09:15:51+00:00,b'STUCK WITH RED VELVET \xf0\x9f\x92\xaf #StartUpEp15 #StartUpEp16 #Mnet \n\nGuys nih sepatu Nike/Adidas/vans/onitsuka ORIGINAL tp harga dibawah harga retail. Cek https://t.co/n5IPJ9wZzG\nHADIR DI SHOPEE https://t.co/Tj6Lqtuu1t'
329,2020-12-06 09:12:26+00:00,b'imut banget atuh neng @Suzy \n#StartUpEp15 https://t.co/2MMXIgMQyp'
330,2020-12-06 09:12:18+00:00,b'TANGINA SA-HA AT CHUL-SAN LANG MALAKAS  #StartUpEp15 https://t.co/oqNtC92yt5'
331,2020-12-06 09:09:31+00:00,b'#StartUpEp15  mang bangsattt \xf0\x9f\x92\x94\xf0\x9f\x92\x94\xf0\x9f\x92\x94\xf0\x9f\x92\x94\xf0\x9f\x92\x94\xf0\x9f\x92\x94\xf0\x9f\x92\x94\xf0\x9f\x92\x94\xf0\x9f\x92\x94!!!!! #HanJiPyeong  #teamhanjipyeong  #KimSeonHo https://t.co/BRZpn0Kfj8'
332,2020-12-06 09:09:20+00:00,b'Sakitnya berasa sampe sini\xf0\x9f\x98\xad\xf0\x9f\x98\xad\n#StartUpEp15 https://t.co/YO1hOBBQP5'
333,2020-12-06 09:07:30+00:00,b'Belum siap ditinggal mereka huhuhu...\nMakasih untuk 3 bulan terakhir nemenin weekend\xe2\x9c\xa8\nSalah satu drama terfav sepanjang 2020 bersama #365RepeatTheYear &amp; #ItsOkayToNotBeOkay membuat\n2020 ku lebih berwarna\xe2\x9d\xa3\xef\xb8\x8f\n#StartUpEp15 #StartUpEp16 https://t.co/b579Ve9kUt'
334,2020-12-06 09:05:34+00:00,"b'Masih tp dah mikir epsd terakhir, tuntaskan demi #HanJiPyeong #StartUpEp15 https://t.co/tFyahqjomb'"
335,2020-12-06 09:04:49+00:00,b'ini knp #StartUpEp15 gini bgt anj wkwkw \xf0\x9f\x98\x8c'
336,2020-12-06 09:03:29+00:00,"b'Ayookk... abis #StartUpEp15 , lanjut nonton #StartUpEp16 .. aku #TimSahaChulsan ajaa... ^^ https://t.co/hUpm8ttDD5'"
337,2020-12-06 09:02:38+00:00,b'GIVE HAN JI PYEONG\nSEO IN JAE AT LEAST\n#StartUpEp15'
338,2020-12-06 09:02:01+00:00,b'Dari Han Ji pyeong kita belajar bahwa titik mencintai paling tinggi adalah merelakan. Dan dari Mama Dal mi kita belajar Tinggalkan yg miskin cari yg kaya \xf0\x9f\x98\x8c #HanJiPyeong #StartUpEp15 #NamDoSan #Dalmi'
339,2020-12-06 08:59:48+00:00,b'STUCK WITH RED VELVET #StartUpEp15 #StartUpEp16 #Mnet \n\nGuys nih sepatu Nike/Adidas/vans/onitsuka ORIGINAL tp harga dibawah harga retail. Cek https://t.co/n5IPJ9wZzG\nHADIR DI SHOPEE https://t.co/Tj6Lqtuu1t'
340,2020-12-06 08:57:04+00:00,b'Senyuman dan jidat paripurna pak han memang yg paling menenangkan\xf0\x9f\xa4\x97\n\n#KimSeonHo #StartUpEp15 https://t.co/P0ZeQZuQ1M'
341,2020-12-06 08:55:59+00:00,"b'Dalam hati Han Ji Pyeong \xe2\x80\x9cdahlah besok2 jangan terlalu baik ke orang lain, anjing!\xe2\x80\x9d\n#StartUpEp15'"
342,2020-12-06 08:55:31+00:00,b'Maap yak twitku lg FANGIRLING #StartUpEp15'
343,2020-12-06 08:53:16+00:00,b'Yanggg orang                     yg aku rasakan\nlain lihattt \n\n#StartUpEp15 \n#StartUpEp16 https://t.co/syMPmDuqcZ'
344,2020-12-06 08:51:02+00:00,"b'Tidak apa - apa, jika kamu lelah kamu bisa berhenti, kamu sudah bekerja keras sejauh ini \xf0\x9f\x99\x82 #HanJiPyeong #StartUp #StartUpEp15 https://t.co/KrmQ4xglR3'"
345,2020-12-06 08:50:09+00:00,b'Gue klik hesteg #StartUpEp15 #StartUpEp16 udh emosi duluan males bgt nontonnya wkwkwkwkwkwkwk'
346,2020-12-06 08:49:40+00:00,b'Han Ji Pyeong yang tersakiti \xe2\x98\xb9\xef\xb8\x8f #StartUpEp15 #KimSeonHo'
347,2020-12-06 08:45:28+00:00,b'Selamat Ulang Tahun Ketua Umum DPP JAMAN\n\n#JAMAN  #surabaya #StartUpEp15 #HappyBirthday #selamatulangtahun #dppjaman https://t.co/wbIZkP2lc9'
348,2020-12-06 08:42:22+00:00,b'Woi lah gw lagi nonton yg #StartUpEp15 Laptop gw malah mati mana listrik padam lagi dsini aduh buat kesel aja dah. iyaudah deh marathon aja ntar malam sekalian nunggu yg #StartUpEp16\nSo sad:v https://t.co/xVNg0Q2P5p'
349,2020-12-06 08:41:58+00:00,b'kau mengalahkan kami dengan satu tangan itu - Han Ji Pyeong\n#TeamJiPyeong tetap di hati\xf0\x9f\x98\xad\xe2\x9d\xa4\n#StartUpEp15 #StartUp https://t.co/FRWIrO5vVO'
350,2020-12-06 08:41:42+00:00,"b'Gimana gak makin meleleh sama #Jipyeong selain udh relain dalmi buat dosan, feeling w sih jipyeong lari krna udh baca berita soal perusahaan dalmi dan injae yg diliput sama wartawan ini dan dia pasti mau nolongin dalmi, dosan dkk. Gilaaa emg anak baik bgt Jiyeong #StartUpEp15 https://t.co/z60dRxht34'"
351,2020-12-06 08:37:03+00:00,"b'#StartUpEp15 karena pada dasarnya main lead untuk cewenya dan second lead untuk kita semua, tetep kawal #JIPYEONGDESERVESBETTER'"
352,2020-12-06 08:32:47+00:00,"b'Nah gunanya mechanical keyboard yg CETAK CETOK itu tuh saat emosipun keyboard tetep OK walopun emosinya udah kayak Chul-san dan mungkin baru 3-5 ketikanpun yg dikode udah paham, ""woyy berisikkk!!!""\n\n\xf0\x9f\x98\x82\xf0\x9f\x98\x82\xf0\x9f\x98\x82\n\n #StartUpEp15'"
353,2020-12-06 08:30:30+00:00,b'jidal &lt;/3 #StartUp #StartUpEp15'
354,2020-12-06 08:29:43+00:00,"b'Baru nonton #StartUpEp15, tetep team ji pyeong sih gue. Yang sabar ya maz.'"
355,2020-12-06 08:29:35+00:00,b'Si chul-san lang malakas!! #StartUpEp15'
356,2020-12-06 08:29:03+00:00,b'Sudah kuduga jipyeong ini bakal kyk jungpal. Hatinya pda baik bgt emang dan tau diri. #startupep15'
357,2020-12-06 08:28:46+00:00,"b'liat mereka bareng bareng lagi kaya gini sampe nangis terharu keinget gimana mereka struggle pas hackathon, ributin pembagian saham, usaha buat menang demo day tapi malah berujung kepecah belah karna akuisisi\xf0\x9f\xa4\x92 ahh sayang banget sama samsan tech squad\xe2\x9d\xa4 #StartUpEp15 https://t.co/9IrsizSfoR'"
358,2020-12-06 08:25:39+00:00,b'#StartUpEp15 bangsat jipyeong jagain jodoh org 18 taun'
359,2020-12-06 08:24:27+00:00,b'jadi ini spoiler?? SandBox is..... Jipyeong??\n#StartUpEp15 #KimSeonHo\n#ThankYouJipyeong #KimSeonHo3Mparty https://t.co/jUJ6Q28SsA'
360,2020-12-06 08:22:30+00:00,"b'kudunya ni adegan bikin garuk2 tembok ya, tapi malah pen w rubuhin tuh biar bubar lu bedua zzz\n#StartUpEp15 https://t.co/hboNinGKKM'"
361,2020-12-06 08:19:37+00:00,"b'Sabar Mas Ji-Pyeong, tetep semangat \xe2\x9c\x8a\xe2\x9c\x8a\nhttps://t.co/7c3rztuAot\n\n#StartUpEp15 #HanJiPyeong'"
362,2020-12-06 08:19:33+00:00,"b'Se-emosi itu nonton #StartUpEp15 :))))))) dari minggu kemaren emang udah pasrah tapi ya ga gitu juga sih, patah hati pertama sama second lead \xf0\x9f\x92\x94'"
363,2020-12-06 08:17:10+00:00,"b'Sebagai anak yg lahir tanpa keluarga, terus dikasih kehangatan sama keluarga lain. Jipyeong selalu \xf0\x9f\xa5\xba\xf0\x9f\xa5\xba\xf0\x9f\xa5\xba\n\nBeneran mau nembus kaca terus kasih pelukan dan ngajak sini yuk kita bangun keluarga. \xf0\x9f\xa5\xba #StartUpEp15 #StartUp https://t.co/JiWsQOepEF'"
364,2020-12-06 08:16:47+00:00,b'Dosan mah enak aja ngomong \xe2\x80\x9ctapi memang harus dicoba agar tahu jalan terbaik\xe2\x80\x9d \xe2\x80\x9cberlayar tanpa peta\xe2\x80\x9d \n\nPas buta arah ujung ujungnya kembali ke Jipyeong. \xf0\x9f\x99\x83\xf0\x9f\x99\x83\xf0\x9f\x99\x83 #StartUpEp15 #StartUp https://t.co/u8LgOFn0zu'
365,2020-12-06 08:16:25+00:00,"b'Ada hal2 yg membuat kita harus merelakan atau melepaskan sesuatu dengan ikhlas karena sudah dirasa cukup berjuangnya,cukup berusahanya dan karena memang jalan takdir nya mungkin harus seperti itu.\n#HanJiPyeong cukup Sudah\n#StartUpEp15'"
366,2020-12-06 08:15:20+00:00,b'Ooh jadi gituu toh \n#StartUpEp16 #StartUpEp15 https://t.co/e1LIZrLwAU'
367,2020-12-06 08:14:39+00:00,b'Kim Seon Ho x Moon Ga Young \xf0\x9f\x98\x8d\n\xf0\x9f\x91\x89\xf0\x9f\x8f\xbb https://t.co/ihzohNJda5\n\n#kimseonho #moongayoung #welcometowaikiki2 #hotteokcouple #startup #StartUpEp15 #hanjipyeong #\xea\xb9\x80\xec\x84\xa0\xed\x98\xb8 #\xeb\xac\xb8\xea\xb0\x80\xec\x98\x81 #\xec\x9c\xbc\xeb\x9d\xbc\xec\xb0\xa8\xec\xb0\xa8\xec\x99\x80\xec\x9d\xb4\xed\x82\xa4\xed\x82\xa42 #\xec\x8a\xa4\xed\x83\x80\xed\x8a\xb8\xec\x97\x85 #\xed\x95\x9c\xec\xa7\x80\xed\x8f\x89 https://t.co/qXD6FC45mF'
368,2020-12-06 08:13:57+00:00,"b'Terjebak di lift adalah scene paling termenyebalkan, udah kayak ftv anjiirrr #StartUpEp15'"
369,2020-12-06 08:11:28+00:00,"b'Prediksi #StartUpEp16 , \n\n. Dosan ternyta selama ini berusha menutupi sakitnya yg udh masuk stadium 4 , akhirnya dosan nitip dalmi ke jipyong .. ingat tanamn keberuntungn masih ditgan jipyong . Sekian \n\n#StartUpEp15 #candasayang'"
370,2020-12-06 08:10:15+00:00,b'Bermimpilah karena itu gratis.\nTapi ingat kenyataan itu mahal!!!\n#StartUpEp15'
371,2020-12-06 08:09:16+00:00,"b'sengaja bgt blm nntn #StartUpEp15 krn masih nunggu #StartUpEp16 keluar dlu, ga enak aj asik2 nntn eh kepotong perkara nunggu last eps hihihi.'"
372,2020-12-06 08:08:18+00:00,b'2020.12.05 Rating #StartUpEp15 \n\nPart.1: 4.4% \nPart.2: 5.0%\n\nNanti malam episode terakhir\xf0\x9f\x98\xad\n #\xec\x8a\xa4\xed\x83\x80\xed\x8a\xb8\xec\x97\x85 #StartUp'
373,2020-12-06 08:06:55+00:00,"b'15 taun surat2an bs kalah sm ini aja??? Dalmi yg pedotin pacar kalau pacar skrg beda pendapat sm dosan 15 taun lalu kmn? \xf0\x9f\xa4\xadwriternim yg aneh.. untung cmn drama \xf0\x9f\xa4\xa3 kl g uda jadi bahan ngakak sekebon, ga salah dropping this after 12 #StartUpEp15 #KimSeonHo #BaeSuzy https://t.co/pfEKIspeLi'"
374,2020-12-06 08:05:51+00:00,b'Gue jd tau knp dalmi suka tangan yg gede2 #tangankecilmundur #StartUpEp15'
375,2020-12-06 08:04:49+00:00,"b'Oke mau prediksi #StartUpEps16\nBerdasarkan hightlight di #StartUpEp15 dan kesotoyan saya:\n\n1. ""Do-san melamar"", apakah benar? Eits, biasanya dipatahin. Tapi karena biasanya patah, bisa aja lurus. Hehe\n2. Pohon keberuntungan masih dipegang han ji pyong. Artinya... dia beruntung.'"
376,2020-12-06 08:04:11+00:00,b'Tanpa Jipyeong dosan masih pke flanel \xf0\x9f\x98\x82 #StartUpEp15 https://t.co/cxCwjzRgfw'
377,2020-12-06 08:03:33+00:00,b'#StartUpEp15 Gue jadi Ji Pyeong mah gue biarin aja kali tuh para amatiran ketipu lagi. Ga cocok judulnya start up kalo main ceritanya ke Dosan dan Dalmi. Cocokan kalo leadnya Injae. Bener2 ngebuild start up dari bawah sampe sukses sampe modalin adeknya perusahaan baru.'
378,2020-12-06 08:02:17+00:00,b'han ji-pyeong emg the best\xf0\x9f\x98\xad\n\n#StartUpEp15 https://t.co/ZC0h91dkaq'
379,2020-12-06 08:01:50+00:00,"b'Menyerah dan mengikhlaskan bukan berarti tak mampu, kadang kita melakukannya agar semua baik2 saja, membuat diri kita terpuruk untuk melihat orang yang kita cintai bahagia kdg lebih baik, dari pada memaksa bersama, tapi hatinya untuk orang lain.\n#StartUpEp15\n#StartUpEp16 https://t.co/Q3Xiaq6yoN'"
380,2020-12-06 07:59:36+00:00,b'Soft boi Han Ji Pyeong\nSad boi Han Ji Pyeong\n\n#StartUp \n#StartUpEp15'
381,2020-12-06 07:56:42+00:00,b'Pengen ngakak adegan ini \xf0\x9f\x98\x82\nTiba2 Dalmi buka pintu dan Jipyeong hampir jatuh\nMalah ketangkap sama Dalmi \xf0\x9f\x98\x82\nMana muka Jipyeong kek salah tingkap pula \n#StartUpEp15 #StartUp https://t.co/ak78Y1RTav'
382,2020-12-06 07:54:56+00:00,"b'Haduh, baru kali ini nonton drakor mau episode terakhir udah nggak sanggup lihat endingnya. #StartUpEp15 https://t.co/KLlv1TluB6'"
383,2020-12-06 07:54:48+00:00,"b'Akhirnya mereka bersama lagi, setelah mele2ati badai yqng panjang \xf0\x9f\x98\x8d\n#TeamDosan pasti happy \xf0\x9f\x98\x82\n#StartUpEp15 #StartUp https://t.co/UBIxrM1Ed4'"
384,2020-12-06 07:54:05+00:00,b'Ga kebayang kejebak lift sama mereka \xf0\x9f\x98\xad #StartUpEp15 https://t.co/dCibypajDi'
385,2020-12-06 07:52:45+00:00,"b'Kita bikin kenangan baru yuk Pak Han :"") \xf0\x9f\x92\x94\xf0\x9f\x92\x94 #StartUpEp15 https://t.co/eeHV9THlTp'"
386,2020-12-06 07:52:43+00:00,b'Pokoknya Dal Mi cuma mau Do San. Titik ga pake koma. \xf0\x9f\x98\x82\xf0\x9f\xa5\xba\xe2\x9d\xa4\xef\xb8\x8f #StartUpEp15 https://t.co/hEoZIuymKg'
387,2020-12-06 07:49:30+00:00,"b'Kapal telah berlayar di laut lepas \xf0\x9f\x98\x8d\nMemang cocok mereka berdua, apalagi di eps 15 ini\nChulsan selalu cemburu, ngakak liatnya \xf0\x9f\x98\x82\n#StartUpEp15 #StartUp https://t.co/zuqXhVutqk'"
388,2020-12-06 07:47:59+00:00,"b'First move, mengalahkan first love, kawal #TimNamDoSan Masih ada harapan untuk Pak Han di universe lain tentunya \xf0\x9f\x98\x82 #StartUpEp15'"
389,2020-12-06 07:47:30+00:00,"b'"" kau mengalahkan kenangan kami, dengan satu kenangan itu ""\nJi Pyeong seperti sudah rela kalau Dalmi dengan Dosan\n#TeamJiPyeong jangan bersedih \xf0\x9f\x98\xad\xf0\x9f\x98\x82\n#StartUpEp15 #StartUp https://t.co/OclmfmKtVk'"
390,2020-12-06 07:47:19+00:00,b'Yuk mari lanzutkan drakor rasa pilpres ini #StartUpEp15 https://t.co/nKth5Ug9k6'
391,2020-12-06 07:45:33+00:00,"b'Mereka bisa kembali bersama ibarat sebuah keajaiban\nJalan panjang sudah mereka lalui hingga akhir\n""Perjuangan yang keras akan membuahkan hasil yang maksimal""\nSenang melihat mereka ber 5 bisa kembali bekerja bersama \xf0\x9f\x98\x8d\n#StartUpEp15 #StartUp https://t.co/jT553O3jha'"
392,2020-12-06 07:41:22+00:00,"b'Fiks, aku dadi tim Sa-ha\n#StartUpEp15 https://t.co/5ZnkqGOtkW'"
393,2020-12-06 07:39:02+00:00,"b'Terimakasih untuk nenek yg selalu peluk jipyeong saat dia lagi nangis,kayanya cuma nenek yg ngerti dan selalu ada buat jipyeong , anak baik harus bahagia  #KimSeonHo3Mparty #HanJiPyeong #TeamJiPyeong #StartUpEp15 #StartUpEp16 https://t.co/ADqNaIkhuE'"
394,2020-12-06 07:38:21+00:00,b'Namun hatiku tak sanggup bertahan aku tak memilikimu #StartUpEp15 https://t.co/Bp7pabKlgQ'
395,2020-12-06 07:33:31+00:00,b'Pak han itu emang ga pantes guys buat dapetin dalmi. Mustinya dapetin yg lebih baik dari dalmi hehe\n#StartUpEp15\n#KimSeonHo3Mparty \n#StartUpEp16 \n#KimSeonHo'
396,2020-12-06 07:33:16+00:00,"b'sy selaku timhan ji pyeong pamit , sekian\xf0\x9f\x99\x8f #HanJiPyeongTeam #StartUpEp15'"
397,2020-12-06 07:33:13+00:00,b'Nggak kuat keknya nonton eps terakhirnya nanti #StartUpEp15 https://t.co/b1v0iO4zmQ'
398,2020-12-06 07:33:10+00:00,"b'sabar ya bang jipyeong , akubturut perihati-N \xf0\x9f\x98\xad #StartUpEp15'"
399,2020-12-06 07:30:44+00:00,b'Aduh belom nonton #StartUpEp15 tapi uda kena spoiler kissing scene nya \xf0\x9f\x98\x8c\xf0\x9f\x98\x8c\xf0\x9f\x98\x8c'
400,2020-12-06 07:30:44+00:00,"b'""Jika tdk bisa mengalahkan musuhmu, jadilah pasukannya""\nTanpa motivasi dari Jipyeong mungkin hubungan Seo-dalmi sama Injae gakan seakur skrg. Jipyeong klo ngasih motivasi emg nusuk tp byk hasilnya. Gpp kamu sadboy ya jipyeong tp kamu bermanfaat buat byk org #StartUpEp15'"
401,2020-12-06 07:28:30+00:00,b'Kalo bingung masalah asmara mabok aja. Dijamin bangun pagi ketemu jalan keluarnya \xf0\x9f\x91\x8d #StartUpEp15 https://t.co/WXd9kpHtm4'
402,2020-12-06 07:27:39+00:00,b'nam dosan sek ra peka kok km sek sedih to pak\n\nancen pak han best boy\xf0\x9f\x99\x86\n#StartUpEp15 https://t.co/9ZJG6HGFWu'
403,2020-12-13 17:00:01+00:00,b'Next year could be decisive for the world \xf0\x9f\x8c\x8f. 2020 has taught us that we need to work together for a stronger response and show that we can build back better.\n\nJoin in. Be the change.'
404,2020-12-06 07:25:46+00:00,b'best word dah pokoknya #StartUpEp15 https://t.co/yod5w4kgIm'
405,2020-12-06 07:21:41+00:00,b'tangan dosan  bisa menghapuskan kenangan selama 15 tahun kenapa kau tak potong saja tangan dosan pak hannnn selesai dah masalahnya #StartUpEp15'
406,2020-12-06 07:20:55+00:00,"b'""With those hands alone, you beat our memories.""\nSa lahat ng linya mo, sa lahat ng linya mo na masasakit, eto ang pinaka masakit! \xf0\x9f\x98\xad\xf0\x9f\x98\xad\xf0\x9f\x98\xad\xf0\x9f\x98\xad Ji Pyeong \xf0\x9f\x98\xad\xf0\x9f\x98\xad\xf0\x9f\x98\xad\n#StartUpEp15 https://t.co/J0kjpSyiMy'"
407,2020-12-06 07:11:35+00:00,b'Sokong nek \xf0\x9f\x98\x82\xf0\x9f\x98\x82\xf0\x9f\x98\x82 #StartUp #StartUpEp15 https://t.co/a3GZirXifi'
408,2020-12-06 07:07:10+00:00,b'Han Ji Pyeong deserves better:( #StartUpEp15'
409,2020-12-06 07:06:44+00:00,"b'aku dan mas nya pamit undur diri.\nujung-ujungnya untuk karakter se-sempurna itu cmn dpt bahagianya pas bukain botol aqua dalmi, dah itu doang wkwk ya mau gimana lagi, sadar peran aja akunya \xf0\x9f\x98\xad\n#StartUpEp15 #HanJiPyeong https://t.co/bDyNZSTRxs'"
410,2020-12-06 07:06:18+00:00,"b'Stlh menonton #StartUpEp15, diriku hanya bisa berharap diepisode terakhir ngeliat Ji Pyeong bahagia dan tersenyum lebar dari hati bukan tersenyum terpaksa seolah2 dia keliatan baik-baik aja \xf0\x9f\xa5\xba\xf0\x9f\x99\x82 https://t.co/9U22BdIf8l'"
411,2020-12-06 07:06:06+00:00,"b'Now watching #StartUpEp15 \n\nUda la, ikhlaskan saja. Dal-Mi emank paling pas dengan Do-San. \n\nSisa 1 episode lagi. \xe2\x98\xba\xef\xb8\x8f\xe2\x98\xba\xef\xb8\x8f\xe2\x98\xba\xef\xb8\x8f https://t.co/EbqvywTQvU'"
412,2020-12-06 07:04:43+00:00,b'Aku masih setia sampe nanti malem kok pak\xf0\x9f\x98\x8c\xf0\x9f\xa5\xba\xf0\x9f\x92\x94 #HanJiPyeong  #GoodBoyKimSeonho #KimSeonho  #StartUpEp15 #StartUpEp16 https://t.co/aKeOWXiODR'
413,2020-12-06 07:02:36+00:00,b'entah lu lagi ngerayain kesendirian lu apa lagi ngehibur kita kita #TeamJiPyeong gapaham gw\xf0\x9f\x98\xad\xf0\x9f\x98\xad\xf0\x9f\x98\xad\xf0\x9f\x98\xad #StartUpEp15 #StartUpEp16 https://t.co/PDcJgjvRIe'
414,2020-12-06 07:00:59+00:00,b'tak sekarang ni kita boleh choose nak jadi pandai kenapa nak jadi bodoh? Dari awal dah announce Dosan tu male lead apa kebenda yang nak maki2 dia? #StartUpEp15 #StartUp'
415,2020-12-06 07:00:24+00:00,b'Han Ji Pyeong \xf0\x9f\x98\xa2\xf0\x9f\x98\xa2\xf0\x9f\x98\xa2\n\n#StartUpEp15\n#StartUp\n#\xec\x8a\xa4\xed\x83\x80\xed\x8a\xb8\xec\x97\x85 https://t.co/vTH5y74pRn'
416,2020-12-06 07:00:01+00:00,b'Satu je kesalahan jipyeong.....he didn\xe2\x80\x99t make a move\xf0\x9f\x98\xa4\n\n#StartUpEp15 #TeamJiPyeong'
417,2020-12-06 06:59:32+00:00,b'kayanya peretas itu si kembar gasi?soalnya apollo sama artemis dlm mitologi Yunani di gambarin kembar \xf0\x9f\x98\x8c\n\n#StartUpEp15 https://t.co/0YbZqNTyL2'
418,2020-12-06 06:59:23+00:00,"b'dosan : ""geurae"" \nmanis bangettt\xf0\x9f\xa4\xaf\xf0\x9f\x98\xad\xf0\x9f\x92\x98\xf0\x9f\x98\xad\xf0\x9f\x92\x98\xf0\x9f\x98\xad\xf0\x9f\x92\x98\xf0\x9f\x98\xad\n\n#StartUpEp15 https://t.co/M2gOQ07oNI'"
419,2020-12-06 06:57:38+00:00,b'bengek #StartUp #StartUpEp15 https://t.co/qW76gBFikl'
420,2020-12-06 06:57:17+00:00,b'Gak pernah se-desperate ini minta buat kebahagiaan suatu karakter. Jipyeong aaaah \xf0\x9f\x98\xad\xf0\x9f\x98\xad\n\n#HanJiPyeong #Jipyeong #StartUpEp15 #TeamJiPyeong #KimSeonHo #StartUp https://t.co/OaXPGzBYrd'
421,2020-12-06 06:55:54+00:00,b'Namanya juga slim :( \n#bengek #ngakakkocak #lucu #hyung #bengekhyung #ngakakhyung #luhut #StartUpEp15 https://t.co/R6AM63pPqR'
422,2020-12-06 06:55:44+00:00,b'Dia yg patah hati gua yg nangis \nAstagaaaaaaa apalagi coba \n#KimSeoHo \n#StartUpEp15 https://t.co/fI6QE6UvuJ'
423,2020-12-06 06:55:26+00:00,"b'Jipyeong ga kalah hebat, dari yg ga punya apa2 dan siapa2 bisa jadi org sepenting itu, perjuangannya aja yg tertutupi sama ceritanya si dosan.. and jipyeong berbesar hati banget\xf0\x9f\xa5\xba #HanJiPyeongTeam #StartUpEp15'"
424,2020-12-06 06:55:12+00:00,b'Nonton Star-Up Full Episode (2020) Subtitle Indonesia\n\nLink Streaming: https://t.co/7BzPmPFmKz\n\nMasih Banyak Film Drakor Lainnya di #siapbos21\n\n#StartUpEp15 #StartUpEp16 #StartUp #drakor #dramakorea https://t.co/o4eiTs5heZ'
425,2020-12-06 06:54:54+00:00,b'Bodo Amat udah sama jalan ceritanya yang penting #TeamJiPyeong  sampek akhir!!! #StartUpEp15 #StartUpEp16 https://t.co/6MZG2OyfIe'
426,2020-12-06 06:54:30+00:00,b'Sampe akhir udh pda brubah pun kga hati hati. Jipyeong mulu yg jd penyelamat. Untungnya nam dosan hrsnya udh tau yg retas sistem spa psti bs di lawan balik. Cm ksel aja jipyeong kek di kacangin mulu gliran obsesinya mulai pd keluar\n#StartUpEp15\nhttps://t.co/pJakc1JHoD'
427,2020-12-06 06:54:25+00:00,"b'#StartUpEp15 #StartUpEp15 membuktikan klo jodoh ga akan kemana, mau lari sejauh apapapun, mau berapa lama dia pergi, ujung2nya balik lagi'"
428,2020-12-06 06:53:31+00:00,b'Jujur #StartUpEp15 alur nya semakin jelek. Ngebosenin parah. Pantes di kritik knetz. https://t.co/pBByjtoSmv'
429,2020-12-06 06:53:25+00:00,b'@Miko13036708 Kaulah alasannya hahah #StartUpEp15'
430,2020-12-06 06:53:19+00:00,"b'Ketika tau rasa suka tak bisa dipaksa,  mundur perlahan adalah solusi terbaik. Untuk sembuh pun butuh waktu \n\n#KimSeonHo #StartUpEp15 https://t.co/k5ZZG8YlIm'"
431,2020-12-06 06:53:11+00:00,b'gilak gak tuh senyam senyum aje gue nonton nya\xf0\x9f\x98\x82\xf0\x9f\x98\x82\xf0\x9f\x98\x82\xf0\x9f\x98\x99 #StartUpEp15 https://t.co/SSo3RCIO1E'
432,2020-12-06 06:51:42+00:00,"b'ga rela banget kalo han Jipyeong undur dirii\xf0\x9f\x98\xad\ntanpa han Jipyeong, dalmi sama do san cuma cod an bola baseball\xf0\x9f\x98\xad\xe2\x9a\xbe\n\n#StartUpEp15\n#timhanjipyeong\n#StartUpEp16'"
433,2020-12-06 06:50:22+00:00,"b'#StartUpEp15 salah satu scene yang sedih bgt menurut ogut waktu Jipyeong mengkoreksi Dosan alasan dia ""pinjem"" namanya. What Dosan thought is the reason why halmonie agreed to, but didn\'t we all know from the start the real reason why Jipyeong decide to use it. \xf0\x9f\x98\xad'"
434,2020-12-06 06:50:00+00:00,b'Bakit ako naiiyak? #StartUpEp15'
435,2020-12-06 06:47:49+00:00,b'kamu anak baik kok\n#StartUpEp15 \n#StartUpEp16 https://t.co/B3zJZmiUQF'
436,2020-12-06 06:47:39+00:00,b'Jleb wey .. #StartUpEp15 #TeamJiPyeong https://t.co/hamnmNY8SU'
437,2020-12-06 06:46:04+00:00,b'Korang rasa apa pengakhiran cerita #startup ?\n.\n#StartUpEp16 #StartUpEp15'
438,2020-12-06 06:45:44+00:00,b'ka hilak ko gague! hahahahahah #StartUpEp15 https://t.co/OB5UKQ9b3G'
439,2020-12-06 06:44:42+00:00,b'berlayar lagi #StartUp #StartUpEp15 https://t.co/0fhtaYu08r'
440,2020-12-06 06:43:09+00:00,b'sakit sakit han ji pyeong \xf0\x9f\x98\xad #StartUpEp15'
441,2020-12-06 06:42:40+00:00,b'Biar jipyeong yang ngimamin  \xf0\x9f\x99\x8a\n#StartUpEp15 \n#StartUpEp16 \n#TeamJiPyeong \n#TeamNamDoSan \n#teamhanjipyeong \n#teamdosan https://t.co/Hs6HqCzeH4'
442,2020-12-06 06:41:34+00:00,b'GUE BELOM NONTON EPISOD 16 WOI GASIAP BGT HARUS RELAIN JIPYONG PERGIIIII \xf0\x9f\x98\xad\xf0\x9f\x98\xad\xf0\x9f\x98\xad\xf0\x9f\x98\xad\xf0\x9f\x98\xad\xf0\x9f\x98\xad #StartUpEp15 #KimSeonHo'
443,2020-12-06 06:40:18+00:00,b'HAHAHAH KESIAN LA PULAK \xf0\x9f\x98\x82\xf0\x9f\x98\x82\xf0\x9f\x98\xad\xf0\x9f\x98\xad #staystrongJipyeong #StartUpEp15 mungkin jodoh awk di Malaysia \xf0\x9f\xa4\xa3\xf0\x9f\xa4\xa3\xf0\x9f\xa4\xa3 https://t.co/Dbo3YYhyL5'
444,2020-12-06 06:38:57+00:00,"b'Inilah point yg bikin gak setuju kl Dosan tuh terlalu menggantung harapannya ke Dalmi huhuhu tp yaudahlah namanya jg drama. Cowo-cowo, jgn kaya gitu ya. Hrs buktikan kalian tuh bisa tanpa menjadikan wanita sbg alasan!! Itu pesan moralnya #StartUpEp15'"
445,2020-12-06 06:37:56+00:00,"b""Tempat dan kondisi ini pernah gua alami ketika gua punya pcr di jurusan dan UKM yang sama. Udah sama2 jalani kehidupan masing2 tbtb ketemu ditempat yang sama. Beda nya doi udh punya yang baru, sedangkan gua masih sendiri :') \n#timjipyeong\n#StartUpEp15 https://t.co/bJpGN0smJU"""
446,2020-12-06 06:36:23+00:00,"b'To be honest, objective and clear. Kayaknya writernya lupa ya pernah ada dialog Dosan ngomong let\xe2\x80\x99s not be each other\xe2\x80\x99s pride ke bapaknya tp dia ngomong itu ke Dalmi?!! Dia mau jd dalmi\xe2\x80\x99s pride? Ih sumpah pasti writernya lupa deh \xf0\x9f\x98\xad #StartUpEp15 https://t.co/X37RtGzKf7'"
447,2020-12-06 06:36:02+00:00,b'Aku ship bromance Jp gn dosan je lah \xf0\x9f\x9b\xb3\xef\xb8\x8f\xf0\x9f\x9b\xb3\xef\xb8\x8f\xf0\x9f\x9b\xb3\xef\xb8\x8f\xf0\x9f\x98\x82 #StartUpEp15 https://t.co/WhVpVmsdQq'
448,2020-12-06 06:35:38+00:00,b'Aku nangis lahhhhhhhh \xf0\x9f\x98\xad\xf0\x9f\x98\xad\xf0\x9f\x98\xad\xf0\x9f\x98\xad\xf0\x9f\x98\xad\xf0\x9f\x98\xad\xf0\x9f\x98\xad\xf0\x9f\x98\xad #StartUpEp15 sampai ke sudah la engko ditakdirkan jadi sayap dalmi je wahai han ji pyeong... u so stghonggggg \xf0\x9f\x98\xad\xf0\x9f\x98\xad\xf0\x9f\x98\xad\xf0\x9f\x98\xad'
449,2020-12-06 06:33:56+00:00,b'Katahimikan....... \xf0\x9f\x99\x83#StartUpEP15 https://t.co/nysx4OYrt6'
450,2020-12-06 06:31:56+00:00,"b'Belajar ikhlas dengan mengorbankan perasaan kita untuk orang lain, karena pada akhirnya orang yang kita cintai tak harus memiliki \n#StartUpEp15 #HanJiPyeong'"
451,2020-12-06 06:31:45+00:00,"b'Me after look #StartUpEp15 \nWhat? Propose???  Apa? Melamar?  Bengek bengek:v\nJipyeong ngalah nya banyak sangat huwaa murah hati sama si nam dosan :v baik sangat,,, huwaaaaa https://t.co/MrBLxpbM8t'"
452,2020-12-06 06:30:16+00:00,"b'AKU TIM DOSAN TAPI SCENE INI SUMPAH BAWANG BANGETTT, PAK HAN AKU GA TEGAAAA\xf0\x9f\x98\xad\xf0\x9f\x98\xad\xf0\x9f\x98\xad\n#StartUpEp15 https://t.co/fP9Fx5BfDt'"
453,2020-12-06 06:30:07+00:00,"b'#timjipyeong mari berpelukan\xf0\x9f\xa4\x97\xf0\x9f\xa5\xba . #StartUpEp15 bikin uring2an,gakuat lanjut ke ep16 liat jipyeong\xf0\x9f\x98\xad\xe2\x98\x94\xef\xb8\x8f https://t.co/wfTciBP8cP'"
454,2020-12-06 06:27:28+00:00,b'Mengapaa dirimu harus jadi second lead wahai sodara han ji pyeong \xf0\x9f\x98\xad\xf0\x9f\x98\x94\xf0\x9f\x98\xad\xf0\x9f\x98\x94\xf0\x9f\x98\xad\xf0\x9f\x98\x94\xf0\x9f\x98\xad\xf0\x9f\x98\x94\xf0\x9f\x98\xad\n\n#StartUpEp15 https://t.co/YVjeoLTHhq'
455,2020-12-06 06:27:10+00:00,b'Senengnya kebangetan emang sih klo kerja bareng \xf0\x9f\xa4\xad \n#StartUp #StartUpEp15 #Suzy #NamJooHyuk https://t.co/3m62OTw6ox'
456,2020-12-06 06:25:48+00:00,b'Keadaanku pas nonton #StartUpEp15 bilek : https://t.co/JbgbpjzedE'
457,2020-12-06 06:24:08+00:00,"b'#StartUpEp15 membuat lega, akhirnya jipyeong bisa membebaskan bebannya, walau sad tapi melegakan'"
458,2020-12-06 06:24:03+00:00,"b""pa bner seperti teori yg beredar lw pak Han bner prgi, terus dalmi merasa kehilangan &amp; sdar kalau dia butuh pak han? Lw bner keren bgt plot twist'y\n\nChaggaa~nim &amp; tim produksi, knpa gini bgt php'y k #teamjipyeong ampe akhir\xf0\x9f\x98\x85\n\n#startupEp15 #startupEp16 #kimseonho #startupEp16end https://t.co/GCWUbMwbMt"""
459,2020-12-06 06:21:53+00:00,b'HA-SAN LANG MALAKAS \xf0\x9f\x98\xad\xf0\x9f\x98\xad\xf0\x9f\x98\xad\xf0\x9f\x98\xad\xe2\x9d\xa4\xef\xb8\x8f\xe2\x9d\xa4\xef\xb8\x8f\xe2\x9d\xa4\xef\xb8\x8f\xe2\x9d\xa4\xef\xb8\x8f\xe2\x9d\xa4\xef\xb8\x8f\xe2\x9d\xa4\xef\xb8\x8f #StartUpEp15'
460,2020-12-06 06:21:05+00:00,b'Stop hurting Ji Pyeong! \xf0\x9f\x98\xad\nLink: https://t.co/zKOkVT0y4z\n\n#StartUpEp15 #StartUpEp16 #StartUpFinale #TeamJiPyeong #KimSeonHo https://t.co/WyjigfiKye'
461,2020-12-06 06:20:48+00:00,"b'Seperfect itu karakternya difilm ini,\ndari han ji -pyeong kita banyak belajar bagaimana caranya agar sukses dan belajar menerima kenyataan bahwa cinta tidak harus memiliki, sangat baik dn patuh dicontoh.\n#TeamJiPyeong #StartUpEp15 https://t.co/ZNmVBFOLA0'"
462,2020-12-06 06:20:03+00:00,b'Tak mampu menahan melihat spoiler kesedihan #StartUpEp15'
463,2020-12-06 06:19:58+00:00,"b'Gusto kong manakit, pangalan Nam Do San at Seo Dal Mi #StartUpEp15 https://t.co/Uzuk5VIrHZ'"
464,2020-12-06 06:19:04+00:00,b'Chulsan - Saha gemeus banget tolong udahlah ngeship mereka aja #StartUpEp15 \xf0\x9f\xa5\xb2'
465,2020-12-06 06:18:54+00:00,"b'#StartUpEp15 pedih beb, apalagi ngeliat anak ini. udah lah https://t.co/BFWtFd3Y9E'"
466,2020-12-06 06:16:45+00:00,b'Satu Persatu..\nTerbuka...\n\nhttps://t.co/njpRnPFY1w\n\n#DzalimnyaKebangetan\n#AnugerahBanggaBuatanIndonesia \n#StartUpEp15'
467,2020-12-06 06:16:20+00:00,b'Parang pamilyar e! @janine_tugonon #StartUpEp15 https://t.co/xvS3X1VTmH'
468,2020-12-06 06:15:06+00:00,b'Isi timeline ku #StartUpEp15 dan #mensosjuliari'
469,2020-12-06 06:14:38+00:00,b'Ikaw na ikaw talaga si Seo Dal Mi @nicolecordoves!!! Wow #StartUpEp15 https://t.co/Lo4qhszNCe'
470,2020-12-06 06:11:52+00:00,"b'gara"" marathon semaleman, #StartUpEp15 pun sampe masuk mimpi'"
471,2020-12-06 06:11:15+00:00,b'Hi @chelseamaey aka Sa-Ha! #StartUpEp15 https://t.co/QhOhKMKVDZ'
472,2020-12-06 06:06:28+00:00,"b'Han ji pyeong, you deserve to be happy\nDengan segala kebaikan dan ketulusan hati kamu\xf0\x9f\xa5\xba\n\nWalaupun aku seneng hubungan nam dosan sama dalmi, tapi aku juga sedih dengan han ji pyeong. \n\nAh drama start up bener\xc2\xb2 buat aku susah tidur\xf0\x9f\xa4\xa7\n #KimSeonHo #StartUpEp15 https://t.co/tWBKClqXJW'"
473,2020-12-06 06:05:42+00:00,b'Serem juga ya kalo di AV ada penditeksi hantu:v #StartUpEp15 #StartUpEp16 #KimSeonHo #BaeSuzy #NamJooHyuk https://t.co/KY0Ap9zx6p'
474,2020-12-06 06:04:51+00:00,"b'Level tertinggi mencintai adalah mengikhlaskan\nLevel terendah kebohongan adalah kalimat di atas.\nDahlah pak han move on yok, terima kasih sudah menjadi anak baik sampai akhir \xf0\x9f\x99\x86\n\n#StartUpEp15\n#StartUpEp16\n#KimSeonHo\n#teamhanjipyeong https://t.co/aTs1rht0hl'"
475,2020-12-06 06:04:29+00:00,"b'paling suka nada suara dosan kalo lagi manggil ""dalmi-ya"" \xf0\x9f\x98\xad\xf0\x9f\xa5\xb0 akhirnyaa mau tamat ajaa ini drama astaga #StartUpEp15 https://t.co/ovRWYez8O3'"
476,2020-12-06 06:04:14+00:00,b'Menolong-&gt; merelakan-&gt; menolong lagi.. bener\xe2\x80\x9d definisi anak baik\xf0\x9f\xa5\xba\xe2\x98\xb9\xef\xb8\x8f #HanJiPyeong #StartUpEp15 https://t.co/84mgqGTwbS'
477,2020-12-06 06:01:39+00:00,b'#StartUpEp15 knp mcm sedih je ep ni. Lps hbs ni nak tgk #KimSeonHo kat mana lagi \xf0\x9f\xa5\xb2'
478,2020-12-06 05:59:34+00:00,"b'Selesai lihat #StartUpEp15 rasanya kaya patah hati pertama, suwakit \xf0\x9f\x98\x82'"
479,2020-12-06 05:59:19+00:00,"b'Mendukung second lead adalah patah hati yang disengaja:"" #timjipyeong #timhanjipyeong #KimSeonHo #StartUpEp15'"
480,2020-12-06 05:59:02+00:00,b'Ketika sesuatu sulit untuk di genggam sudah waktunya untuk mengikhlaskan - #StartUpEp15 #pernahdiposisipakhan'
481,2020-12-06 05:58:40+00:00,b'Buti pa si Han Su Yeon nakita at naramdaman yung love ni Cha U-sik \xe2\x9d\xa4\xef\xb8\x8f\n\n#StartUpEp15 \n#GoodBoyKimSeonho'
482,2020-12-06 05:58:27+00:00,b'Kaulah segalanya untukku\xf0\x9f\xa4\x8d\nMba Dalmi klo gamau sama jipyeong kasi aku aja\xf0\x9f\xa4\xaa\n\n#KimSeonHo \n#StartUpEp15 \n#Jipyeong https://t.co/cSKAB9L0mJ'
483,2020-12-06 05:57:53+00:00,b'DEGDEGAN BANGET MAU TURUN GUNUNG PCR SETELAH SEBULAN.\n\nMana mood lagi sedih krn #StartUpEp15 semalam.'
484,2020-12-06 05:57:15+00:00,b'Huaaa\xf0\x9f\x98\xad\xf0\x9f\x98\xad\xf0\x9f\x98\xad kasihan ji-pyeong tapi aku tim dosan gimana ya wkwk #StartUpEp15 https://t.co/QQmZkIPGgY'
485,2020-12-06 05:56:10+00:00,"b'masih kesel banget dengan storyline nya yg seolah-olah surat-surat itu gak ada artinya. I mean, kemana itu semua? bukannya startup ceritanya dibangun dari itu? kenapa dalmi awal2nya bucin banget sama surat itu trus sekarang dibuat seolah-olah suratnya gak berarti? #StartUpEp15'"
486,2020-12-06 05:55:21+00:00,b'tolonggg setiap bacain tweet di #StartUpEp15 gua pengen nangiss dah liat jipyeong'
487,2020-12-06 05:54:01+00:00,b'Ini kira2 lari2 kenapa ya? \xf0\x9f\xa5\xba #StartUpEp15 #HanJiPyeong #KimSeonHo https://t.co/Rb18BGiI9Y'
488,2020-12-06 05:53:55+00:00,"b'Seharusnya Sadar diri lalu pergi,bukannya malah egois tetap menanti \n-han ji pyeong\n#StartUpEp15'"
489,2020-12-06 05:52:16+00:00,b'Kesian dosan bukak lif nampak Jpyeong gn dalmi \xf0\x9f\x98\x82\xf0\x9f\x98\x82pastu dia plak kena tekan butang lif hahahaahha #StartUpEp15'
490,2020-12-06 05:52:15+00:00,b'Han jipyeong udah relain dalmi sama dosan... ayok nin ikhlasin jugaaa \xf0\x9f\x98\xad\xf0\x9f\x98\xad\xf0\x9f\x98\xad\n\nBut this is hurtt\xf0\x9f\x92\x94\xf0\x9f\x92\x94\xf0\x9f\x92\x94\xf0\x9f\x92\x94 #StartUpEp15 https://t.co/rNYznWaYhw'
491,2020-12-06 05:52:07+00:00,"b'Ah kecewa gw sama Pak Han, fighting spiritnya kurang.. #StartUpEp15'"
492,2020-12-06 05:51:58+00:00,b'Gw rasa nanti malah jadi senjata makan tuan deh wkkw #StartUpEp15 https://t.co/OmpU3SjG1E'
493,2020-12-06 05:50:43+00:00,b'sudah tidak ada harapan untuk han jipyeong #StartUpEp15 https://t.co/shaax30bxh'
494,2020-12-06 05:50:31+00:00,b'Situasi macam apa ini hah #StartUpEp15 https://t.co/l6Yt5T9Hnd'
495,2020-12-06 05:50:01+00:00,b'Nasihat Hanbin buat Ji-Pyeong hyung \xf0\x9f\x98\x85\n#StartUpEp15\n\nCr on video https://t.co/HAqkGwBqiS'
496,2020-12-06 05:49:54+00:00,"b'sukak bngt klo dosan lagi panggil dalmi-yaa kek malu2 gemes gmn gitu, yaudahlah aku mau  tumpengan ganti nama jdi seo dalmi aja:((\n#StartUpEp15 #TimDoSan #TimNamDosan\nhttps://t.co/mHwk07bvKH'"
497,2020-12-06 05:49:26+00:00,b'Aww saja chulsan berlayaarr\xf0\x9f\x98\x8d\xf0\x9f\x98\x8d #StartUpEp15 https://t.co/ovU5MtsMtp'
498,2020-12-06 05:48:54+00:00,b'seonho gercep bgt woii \xf0\x9f\x98\xad\xf0\x9f\xa4\xa3\n\n#StartUpEp15 #HanJiPyeong #BaeSuzy #startUpEp16 #KimSeonHo #KimSeonHo3Mparty #SeoDalmi https://t.co/A6ZXyxpQVI'
499,2020-12-06 05:47:36+00:00,"b'Terimakasih 2 bulan yang berhaarga mas,\nAku tidak akan pernah lupa, cuma kamu yang bikin aku patah hati hebat\n#StartUpEp15\n#KimSeonHo3Mparty #KimSeonHo #KimSeonHoWorldDomination #HanJiPyeong https://t.co/xSBiPMCBVE'"
500,2020-12-06 05:47:06+00:00,b'Hujan-hujan gini enaknya nonton #StartUpEp15'
