,Date,Tweet
0,2020-12-15 13:11:00+00:00,b'Gaes penonton #StartUpEp16 #StartUpEp15 #startupep14 #StartUpEp9 episode berapa sih yg membuat kalian lebih semangat menjlani hidup... yg pesanny kek nyes banget.. soalny aku mau buat konten nih.... aku bingung..'
1,2020-12-13 17:00:01+00:00,b'Next year could be decisive for the world \xf0\x9f\x8c\x8f. 2020 has taught us that we need to work together for a stronger response and show that we can build back better.\n\nJoin in. Be the change.'
2,2020-12-15 13:08:14+00:00,"b'Alah Dalmi, dah break dengan Dosan 3 tahun kot. Takkan tak move on lagi.\n\nApalah campur urusan kerja &amp; peribadi. Kah.\n\n#startupep14'"
3,2020-12-15 10:37:47+00:00,"b'Ya emang gitu, kalau suka ungkapin aja. Daripada mengulur waktu berakhir patah hati.\n#startupep14 https://t.co/VkPWEEhqr4'"
4,2020-12-13 04:10:32+00:00,b'#startupep14 lanjut gak ya tnggal 2 episode nih https://t.co/0QEtEeJAbJ'
5,2020-12-10 15:28:45+00:00,b'aku ngetik nya di sana yach nti di sini ngga ckp malah hihic #StartUp #startupep14 https://t.co/HDV26UALF0'
6,2020-12-10 10:17:18+00:00,"b'sumpah han jipyeong baik banget gue heran, padahal kalo mau kan bisa tuh set set wet wet mumpung lagi renggang ckckck #StartUp #StartUpEp14 dikasih hashtag biar ga spoiler kali aja lewat di tl kalian xixix https://t.co/21iS5Nkk5u'"
7,2020-12-07 14:09:17+00:00,b'best boy han ji pyeong #StartUpEp14'
8,2020-12-07 11:10:51+00:00,"b'gue gk liat, gue gk cembokurrr.... gue lg dgrin musik! sdgjlfaadjkhs #StartUpEp14 https://t.co/PeR5x66gZI'"
9,2020-12-07 08:52:43+00:00,b'hmm... iya itu aq #StartUpEp14 https://t.co/0RfGhsahCW'
10,2020-12-06 23:59:53+00:00,b'napakasinungaling talaga ni ji pyeong???? #StartUpEp14'
11,2020-12-06 16:31:13+00:00,b'#StartUpEp14 emang paling bener kalo di sekip! -__ #StartUpFinale https://t.co/kIanVLHvaC'
12,2020-12-06 16:22:55+00:00,b'Dal-mi kalau mau pacaran sama yang tangannya gede sama Hulk aja. #StartUpEp14'
13,2020-12-06 14:52:19+00:00,b'Pengen lanjut start-up garagara liat ini tapi apadaya yg ep 14 15 aja belom:(\n#StartUpEp16 \n#StartUpEp15 \n#StartUpEp14 https://t.co/lPlm9R2Bvk'
14,2020-12-06 14:44:07+00:00,b'mau ke sini \xf0\x9f\x98\xa9\xf0\x9f\x98\x8d\xe2\x9d\xa4\n\n#StartUp \n#StartUpEp14 \nhttps://t.co/iVtGIEoFnI'
15,2020-12-06 13:57:05+00:00,b'LUH ANO YAN NAM DO SAN???!!! BAKIT PARANG KASALANAN PA NI DALMI?!!!!!! #StartUpEp14'
16,2020-12-06 11:06:43+00:00,"b'kapal ini berlayar, lucu banget. Chulsan &amp; Saha \xe2\x9d\xa4\xf0\x9f\x98\x8d\n\n#StartUp \n#StartUpEp14 \nhttps://t.co/TLnfdddZC6'"
17,2020-12-06 10:54:43+00:00,"b'Pemandangan saat Do San di rumah paman bapaknya tuh cakep banget saat malem pun. \n\nNyalain api unggun, berdua sama Dalmi. Eh aku kan team Jipyeong, jangan oleng \xf0\x9f\x98\xad\xf0\x9f\x98\x8d\n\nDalmi, In Jae, Saha &amp; Trio Samsan nih kece lah. Banyakin scene bisnis gini kan seru \xf0\x9f\x98\x8d\n\n#StartUp \n#StartUpEp14 https://t.co/BZ48VkeF5r'"
18,2020-12-06 10:48:32+00:00,b'Trio Samsan ga balik ke Amerika. Mau buka bisnis di Korea. \n\nKasian In Jae baru tau kondisi nenek. Pengen keluarga ini kumpul lagi \xe2\x9d\xa4\xf0\x9f\x98\xad\n\n#StartUp \n#StartUpEp14 https://t.co/Qc2rWB54hc'
19,2020-12-06 10:11:01+00:00,"b'3 tahun. Ngak ngapa2in, kenama aja lu enceg gonodk. Ngambang aja di kali. #StartUpEp14'"
20,2020-12-06 03:50:38+00:00,b'ketika orang-orang berlomba-lomba ngetweet ss bagian dari drama #StartUp Dan memberikan opininya \n#StartUpEp13 #StartUpEp14 #StartUpEp15 #StartUpEp16 #StarTrekDiscovery'
21,2020-12-06 01:29:17+00:00,"b'Scene ini cantik &amp; romantis sekali. Digendong \xf0\x9f\x92\x91\xf0\x9f\x8c\x85\xf0\x9f\x8c\x89\xf0\x9f\x8d\x83\xf0\x9f\x8c\xb2\xf0\x9f\x98\x8d\xe2\x9d\xa4\n\nAku #TeamHanJiPyeong tapi ya baper liat ini \xf0\x9f\x98\xad\n\nBayangkan bangun pagi, dengan view gini. Suasana malem juga ga kalah keren. \xf0\x9f\x98\xad\xe2\x9d\xa4\n\nYA AMPUN JADI MAU NGINEP SITU \xf0\x9f\x98\x8d\n\n#StartUpEp14 \nhttps://t.co/dNT0Vs0nmk'"
22,2020-12-05 22:53:08+00:00,b'mohon maaf ini #StartUpEp14 ternyata wkwkw gue salah liat eps._.'
23,2020-12-05 19:55:54+00:00,b'Meski menyita waktu tidur sya tidak menyesali itu. baper teruss ahh #TimNamDosan \xf0\x9f\xa5\xba\xf0\x9f\x98\xaa\n#StartUpEp14 https://t.co/BfUijXqzpN'
24,2020-12-05 18:41:03+00:00,"b'Eps. 14\n\nNangisin cowok lain di depan cowok yang lo tau dia suka sama lo. \n\nDalmi cuma Dosan aja pikirannya. Perhatian kecil Jipyeong kayak gini ga berasa gimana gitu? \n\nGua yang nangis astaga, nyesek banget si Jipyeong \xf0\x9f\x98\xad\n\n#StartUp \n#StartUpEp14 https://t.co/gFT9OlfS4n'"
25,2020-12-05 18:18:30+00:00,b'APASIH JIPRET KDKDKSDKWDKWDKWKDWSDW #StartUpEp14 https://t.co/AKdn1sDVGp'
26,2020-12-05 16:22:08+00:00,"b'setelah #StartUpEp14 yang sedikit ngebosenin grgr bahas bucin doang, #StartUpEp15 dateng dengan punchlinenyaa wkwkw'"
27,2020-12-05 16:10:12+00:00,"b'Entering #StartUpEp14.\nManusia bisa gini, ya... https://t.co/S12Nt9gmnd'"
28,2020-12-05 14:47:41+00:00,b'Definisi patah hati dengan situasi masing-masing\n#StartUpEp14 #StartUp https://t.co/UJ9jPFkM4Z'
29,2020-12-05 14:36:14+00:00,b'Dah la. Ji-pyeong deserves better. In-jae pun boleh. Bagi lah Dal-mi tu kat Do-san. #StartUpEp14'
30,2020-12-05 14:21:28+00:00,b'Alaaa comel nya saha fengan chulsan ni \xf0\x9f\x98\x82 #StartUpEp14'
31,2020-12-05 13:57:56+00:00,"b""Gw abis nonton #StartUpEp14 buka twt lngsng ada ht #MMA_RIGGED_TREASURE. INI KNP WOY? Gw keong, anak paud gw tiba' trending"""
32,2020-12-05 13:42:44+00:00,b'Han Ji Pyeong hanggang dulo. #StartUpEp14'
33,2020-12-05 13:37:56+00:00,b'Ga mao lanjut nntn starup males..\nGa tega liat jipyong.\n#StartUpEp14'
34,2020-12-05 13:29:40+00:00,b'Seharusnya ada lebih banyak scene buat Kang Han Na/ In Jae di #StartUpEp14 pun scene dia sm nenek dikit banget \xf0\x9f\x98\xa2 \n\nPadahal actingnya bagus.'
35,2020-12-04 16:37:54+00:00,"b'Han Ji Pyeong : \n\n""Dia untukku\nBukan untukmu\nDia milikku\nBukan milikmu\nPergilah kamu\nJangan kau ganggu\nBiarkan aku\nMendekatinya""\n\n#timjipyeong \n#StartUpEp14\n#Drakor BTS vs BTS \n#StartUpEp15 \n#GFRIEND https://t.co/7xaBKQBauu'"
36,2020-12-04 13:55:46+00:00,b'Ottoke? Han Ji Pyeong \xf0\x9f\x98\x8d\xf0\x9f\x98\xad #KimSeonHo #HanJiPyeongTeam       #StartUpEp14 https://t.co/EIcIxXbjue'
37,2020-12-04 12:52:31+00:00,b'Aku lebih suka liat mereka as second couple daripada liat Nam Do San &amp; Seo Dal Mi #StartUpEp14 https://t.co/auajq9ntDC'
38,2020-12-04 11:35:31+00:00,b'@K_DramaIndo @CNNIndonesia Annyeonghaseo yeorobun\xe2\x9c\xa8\nDimasa pandemi ini pasti kalian jadi sering nonton drakor gaa sihh? Nah kebetulan @puccarious lagi ada desain special drakor #StartUp kesukaan kalian dan masih banyak lagi katalog lainnya\xf0\x9f\x98\x8d #startupep14\nYuk kepoin!\xf0\x9f\x91\x87\xf0\x9f\x8f\xbb https://t.co/nBLL958VFx'
39,2020-12-04 10:30:20+00:00,b'Telat banget nge-tweet #StartUpEp14 tapi bodo amat \xf0\x9f\xa4\xa3\xf0\x9f\xa4\xa3\xf0\x9f\xa4\xa3 https://t.co/oLVwJSvBhe'
40,2020-12-04 08:22:41+00:00,"b'@K_DramaIndo @CNNIndonesia Permisi, mau nitip jualan ka \xf0\x9f\x98\x81\n\nREADY STOCK!!\nT-shirt Start Up (CEO &amp; Mentor)\nPrice : 85K\n\nUntuk setiap pembeliannya akan mendapatkan free 4 polaroid cast start up (bisa pilih)\n#startup #StartUpEp14 #seodalmi #HanJiPyeongTeam https://t.co/xT8PxbbbIm'"
41,2020-12-04 07:59:23+00:00,b'Banjir bgt nonton episod 14 banjeeer \xf0\x9f\x98\xad\xf0\x9f\x92\x86\xe2\x80\x8d\xe2\x99\x80\xef\xb8\x8f\n\n#StartUp #StartUpEp14'
42,2020-12-04 07:45:17+00:00,b'Kenapa Dal-mi tak pilih Jipyeong? Why? Why? Kenapa mesti Do-San \xf0\x9f\x98\xad\xf0\x9f\x98\xad\xf0\x9f\x98\xad\n\nSorry emo jap \xf0\x9f\x98\x91\n\n#StartUpEp14 #kdrama https://t.co/rwDmlyx6iz'
43,2020-12-04 07:25:47+00:00,b'Ni ayat SeonHo ke ayat Ji Pyeong nihhhh.. Ahhaha\nSo nak kena give up dengan Ji Dal ke apa hahahaha\n\n#StartUpEp14\n#TeamJiPyeong https://t.co/qIwjMsh0zk'
44,2020-12-04 06:16:16+00:00,b'Sepanjang nonton #StartUpEp14 adegan dosan dalmi tak skip \xf0\x9f\x98\x8c'
45,2020-12-04 05:56:00+00:00,"b'Dosan: mulut ma hati ga sinkron, penyakit dicari sendiri, stress sendiri. Cengeeeenggg \xf0\x9f\x99\x84 #StartUpEp14 https://t.co/guwDpbxxBa'"
46,2020-12-04 04:40:49+00:00,"b'Kalo yang spoiler prince dimple langsung, aku bisa apaaaa? \xf0\x9f\x98\xad\xf0\x9f\x98\xad #HanJiPyeong #KimSeoHo #StartUpEp14 #StartUpEp15 https://t.co/Wy82WNbhMT'"
47,2020-12-04 03:50:21+00:00,"b'Makin lama makin kasihan sama karakter namdosan , pdahal aku teamnya hanjipyeong \nSedih yoo nyesekkk neng ati \xf0\x9f\x98\xad\xf0\x9f\x98\xad \n\nYowes team menikmati alur ae \xf0\x9f\xa5\xba \n#StartUpEp14 https://t.co/QJ62H2wh3H'"
48,2020-12-04 03:20:50+00:00,"b'@K_DramaIndo Ji-Pyeong ganteng banget \xf0\x9f\xa4\xa9\xf0\x9f\xa4\xa9\n\nPermisi, mau nitip jualan ka \xf0\x9f\x98\x81\n\nREADY STOCK!!\nT-shirt Start Up (CEO &amp; Mentor)\nPrice : 85K\nSize M &amp; L \nUntuk setiap pembeliannya akan mendapatkan free 4 polaroid cast start up (bisa pilih)\n#startup #StartUpEp14 #seodalmi #HanJiPyeongTeam https://t.co/WK3sxhROYN'"
49,2020-12-03 17:43:39+00:00,b'Setelah nonton Drakor start up sepertinya ada beberapa kemungkinan :\n1.dal-mi &gt; do-san\n2.dal-mi &gt; ji-pyeong\n3.ji-pyeong &gt; won -injae\n4.ji-pyeong &gt; nenek choi won\nHAHAHA\n\n#StartUpEp14 \n#StartUpEp13'
50,2020-12-03 16:16:27+00:00,"b'Huoh akhirnya nonton sampe #StartUpEp14 juga. Well, ga setuju sih sama sindiran 3 tahun ga ngapa2in. Udah ngapa2in, cuma progress kurang aja dan kehilangan momentum :"")'"
51,2020-12-03 15:42:58+00:00,"b'Tapi ya kalo dilihat\xc2\xb2, jipyeong emang lebih cocok jadi kakanya dalmi sih.\n\n#StartUpEp14'"
52,2020-12-03 15:32:00+00:00,b'nangis bgt nonton start up ep 14\xf0\x9f\x98\xad\xf0\x9f\x98\xad\n#StartUpEp14'
53,2020-12-03 15:19:26+00:00,"b'Opening Promo Netflix Antihold\n\nSHARING: 30K/BULAN\nPRIVATE: 110K/BULAN\n\n\xf0\x9f\x8c\xa0 Legal\n\xf0\x9f\x8c\xa0 Full garansi\n\xf0\x9f\x8c\xa0 100% Trusted\n\n\xf0\x9f\x92\xb3 BCA, OVO, DANA, GOPAY\nfeel free to ask me om dm/mt yaaa! \xf0\x9f\x92\x98\n\n#zonaba #zonauang #StartUpEp14 jual beli jualan butuh wtb spotify disney+ premium aku mau maljum https://t.co/bPG1udHpI2'"
54,2020-12-03 15:06:11+00:00,"b'Saat aku tak bisa membuangnya , tak bisa melupakannya , apa yang harus aku lakukan . \n#StartUpEp14'"
55,2020-12-03 15:06:10+00:00,"b'Jika kamu adalah Seo Dal Mi dalam drama Start-Up, siapa yang akan kamu pilih, Han Ji Pyeong atau Nam Do San? oleh Dian Rosmala Sari https://t.co/I4pSMi0TP3\n\n#TimNamDosan \n#StartUp \n#StartUpEp14 \n#NamJooHyuk \n#BaeSuzy \n#KimSeonHo'"
56,2020-12-03 14:57:01+00:00,"b'@K_DramaIndo Permisi, mau nitip jualan ka \xf0\x9f\x98\x81\n\nREADY STOCK!!\nT-shirt Start Up (CEO &amp; Mentor)\nPrice : 85K\n\nInstagram : ourkpopstore. id \nUntuk setiap pembeliannya akan mendapatkan free 4 polaroid cast start up (bisa pilih)\n#startup #StartUpEp14 #seodalmi #HanJiPyeongTeam https://t.co/xDYLbtNbFE'"
57,2020-12-03 14:28:02+00:00,"b""'LU KAN BUKAN YANG NULIS SURAT, WUUUUUUU'\n\n#StartUpEp14 https://t.co/CqKRaT8X7O"""
58,2020-12-03 13:31:02+00:00,b'Dosan tuh hmmm #StartUpEp14 https://t.co/RQsNW5t1el'
59,2020-12-03 11:49:55+00:00,b'@K_DramaIndo Annyeonghaseo yeorobun\xe2\x9c\xa8\nDimasa pandemi ini pasti kalian jadi sering nonton drakor gaa sihh? Nah kebetulan @puccarious lagi ada desain special drakor #StartUp kesukaan kalian dan masih banyak lagi katalog lainnya\xf0\x9f\x98\x8d #startupep14\nYuk kepoin!\xf0\x9f\x91\x87\xf0\x9f\x8f\xbb https://t.co/9ZHghZR5O3'
60,2020-12-03 08:55:38+00:00,b'Buhahaha #NamDoSan #namdosanteam #HanJipyeong #StartUpEp14 https://t.co/UBFA6vxNsM'
61,2020-12-03 07:37:30+00:00,"b'Di #StartUpEp12 muka Do San dan Seo Dal Mi sampe cemong-cemong bekas spidol, giliran whiteboard-nya dihapus di #StartUpEp14 ternyata spidolnya permanen.\n\nHalo penuliiissss !!  Ini maksudnya gimana, ya ?'"
62,2020-12-03 07:34:26+00:00,"b""Pasti capek bgt ini gendongnya WKWK jalanannya pnjg beud ituh, tapi ini scene terr-romantis. Viewnya matahari terbit+danau+pohon, ditambah bgm jamie 'dream', indahh bgt monangis \xf0\x9f\xa4\xa7\xf0\x9f\xa5\xb0 #StartUp #StartUpEp14 #StartUpEp15 #Dodal https://t.co/DEtWch0h9J https://t.co/jnEvwVkpHl"""
63,2020-12-03 07:27:15+00:00,b'Nonton #StartUpEp14 nya diirit-irit dulu. Karena ep 13 nya kesel bangets ya!'
64,2020-12-03 07:03:29+00:00,b'UWU Kim Seon Ho x Moon Ga Young \xf0\x9f\x98\x8d\n\xf0\x9f\x91\x89\xf0\x9f\x8f\xbb https://t.co/ihzohNJda5\n\n#kimseonho #moongayoung #welcometowaikiki2 #hotteokcouple #startup #startupep13 #StartUpEp14 #hanjipyeong #\xea\xb9\x80\xec\x84\xa0\xed\x98\xb8 #\xeb\xac\xb8\xea\xb0\x80\xec\x98\x81 #\xec\x9c\xbc\xeb\x9d\xbc\xec\xb0\xa8\xec\xb0\xa8\xec\x99\x80\xec\x9d\xb4\xed\x82\xa4\xed\x82\xa42 #\xec\x8a\xa4\xed\x83\x80\xed\x8a\xb8\xec\x97\x85 #\xed\x95\x9c\xec\xa7\x80\xed\x8f\x89 https://t.co/3FDbFJtMWM'
65,2020-12-03 06:54:04+00:00,"b""Terngiang''ee...\n\xe2\x88\x86\xc2\xb6\xe2\x88\x86\n#StartUpEp14 https://t.co/cqfM6awykv"""
66,2020-12-03 06:04:25+00:00,"b'@K_DramaIndo Mau team Do San atau Ji Pyeong yg penting punya kaos yg lucu ini! Bahan dan sablon kualitas oke punya, beda sama lapak sebelah\xf0\x9f\xa4\xadYang mo tanya2, DM aja dulu\xf0\x9f\xa5\xb3 #StartUp #BaeSuzy #NamJooHyuk #KimSeonHo #StartUpEp12 #StartUp13 #StartUpEp14 https://t.co/Jc3Tv4FObN'"
67,2020-12-03 04:28:29+00:00,b'baru kelar nonton #StartUpEp14 \n\ngua udah yakin sekarang\n\ngua tetep tim Jipyeong'
68,2020-12-03 03:23:59+00:00,"b'Belaguuuu banget yg abis pulang dari Silicon Valey, baru juga kemaren rasanya kena muncratan susu.\n\nEps. 14\n#StartUp #StartUpEp14 https://t.co/ufOZ0PLe60'"
69,2020-12-03 03:15:55+00:00,b'bgst apalagi ini anyikkk bengek bgt gusti \xf0\x9f\x98\xad\xf0\x9f\x98\xad\xf0\x9f\x98\xad WOY JINJA BERLAYAR AJA NAPA GEMESH BGT GA KUWAT\xf0\x9f\x98\xad\xf0\x9f\x98\xad\xf0\x9f\x98\xad #StartUp #StartUpEp14 #Suzy #kanghanna #KimSeonHo #NamJooHyuk https://t.co/HoYBqTEWVJ'
70,2020-12-03 03:12:17+00:00,"b'@K_DramaIndo Semangat marathonnya min! \n\nBtw, mau nitip jualan ka \xf0\x9f\x98\x81\n\nT-shirt Start Up (CEO &amp; Mentor)\nPrice : 85K\n\nUntuk setiap pembeliannya akan mendapatkan free 4 polaroid cast start up (bisa pilih)\n#startup #StartUpEp14 #seodalmi #HanJiPyeongTeam https://t.co/v5Lp4fqy4v'"
71,2020-12-03 03:08:02+00:00,"b'@K_DramaIndo Permisi, mau nitip jualan ka \xf0\x9f\x98\x81\n\nREADY STOCK!!\nT-shirt Start Up (CEO &amp; Mentor)\nPrice : 85K\n\nUntuk setiap pembeliannya akan mendapatkan free 4 polaroid cast start up (bisa pilih)\n#startup #StartUpEp14 #seodalmi #HanJiPyeongTeam https://t.co/jvShK4u8Mj'"
72,2020-12-03 01:50:36+00:00,b'Dulu kecilnya kecil banget\nSekarang besarnya besar banget.\n\n#TwitterBlueroom #twitterreceh #TwitterDown #TharnTypeSS2EP4 #HumorRecehKu #Oreo #ASMR #StartUpEp14'
73,2020-12-03 01:06:28+00:00,"b'Tim mana nih kalau kalian, kalau gw sih milih dalmi dari pada mereka nanti dikira gak normal awokawoakwok......\n#StartUpEp13 #StartUpEp14 #TeamDosan #TeamJiPyeong Pak Han https://t.co/IDOPPODM2q'"
74,2020-12-03 00:50:09+00:00,b'Asa kenal dengan filosofinya Bapaknya Dosan. \xf0\x9f\xa4\xad #StartUpEp14 https://t.co/DjRpvMkvuR'
75,2020-12-02 16:26:48+00:00,b'Jadi pengen duet sama ji pyeong nyanyiin lagu risalah hati \nAku bisa membuat mu jatuh cinta kepadaku meski kau tak cinta kepadaku ~~ #StartUpEp14'
76,2020-12-02 16:14:57+00:00,b'nah di episode #StartUpEp13 dan #StartUpEp14 inilah yang sedikit agak mengecewakan bagi saya. \nwhy? karena dari segi cerita agak sedikit mulau membosankan dan bertele-tele.'
77,2020-12-02 16:14:56+00:00,"b'yaelahh, malahbaru sempet melanjutkan dong. \nJadi kita bahas dari segi cerita ya. \nsetelah saya menonton #drakor #StartUpEp14 emmm, beginireview saya'"
78,2020-12-02 15:33:39+00:00,b'#StartUpEp14 seperti tidak ada harapan tp tetep pengen happy ending \xf0\x9f\xa5\xba sapa aja deh serah https://t.co/ii1om7aroU'
79,2020-12-02 14:59:50+00:00,b'Gemeshhhh bangettt sama merekaaaaa huhuhuhu manaaa niii team dosannnn \xf0\x9f\xa5\xb0\xf0\x9f\xa5\xb0\xf0\x9f\xa5\xb0 #startupEp14 https://t.co/zgQORkjokG'
80,2020-12-02 14:55:45+00:00,"b'Gaperlu jadi yang paling kece atau yang paling vokal. Jalanin aja, berusaha tapi dibawa santai, yang penting yang dibutuhin ada semua!\xf0\x9f\xa4\xaa\xf0\x9f\xa4\x98 #TeamChulSanSaha #StartUpEp14 https://t.co/HSBhHXoAbZ'"
81,2020-12-02 14:38:20+00:00,b'Ko bisa sih dalmi tidur sambil duduk tapi ga kejengkang #StartUpEp14 https://t.co/z2Mn3nsoWO'
82,2020-12-02 14:21:45+00:00,b'Gimana sih rasanya lagi nangis terus dipeluk ?\n#StartUpEp14 #TeamJiPyeong https://t.co/QIKeKcVnIq'
83,2020-12-02 12:54:42+00:00,b'kawawa si han ji pyeong \xe2\x98\xb9\xef\xb8\x8f #StartUpEp14'
84,2020-12-02 12:48:58+00:00,b'Bakit naman ganito itong Start-Up \xf0\x9f\x98\x91 #StartUpEp14'
85,2020-12-02 12:18:55+00:00,b'Setelah nonton eps 13 &amp; 14 kok jadi kyk hmm \xeb\x82\xa8\xeb\x8f\x84\xec\x82\xb0 oke juga.. hahahha mulai terlihat main leadnya! #StartUpEp14 https://t.co/4AY56jJlcW'
86,2020-12-02 11:08:43+00:00,b'Lokasi Syuting Drakor Start-Up yang Bikin Pengen Kesana https://t.co/wREeuk1WnO via @Travelista #NamDoSan #SeoDalmi #Hanjipyeong #StartUpEp14'
87,2020-12-02 11:02:38+00:00,"b'@ahmadarif07 aku akan berbicara hal hal baik saja tidak perkataan tajam, karena aku investor tidak tertarik dengan bisnis anda -direktur han ji pyeong #StartUpEp14'"
88,2020-12-02 10:34:40+00:00,"b'Guys boleh minta tolong vote best couple nam joo hyuk suzy di instagram story theswonnetflix , thank you sebelumnya #NamJooHyuk #NamDoSan #StartUpEp14 #Dalmi https://t.co/mNSOM4s2tH'"
89,2020-12-02 09:59:58+00:00,"b'@changwonboi Permisi, mau nitip jualan ka \xf0\x9f\x98\x81\n\nT-shirt Start Up (CEO &amp; Mentor)\nPrice : 85K\n\nUntuk setiap pembeliannya akan mendapatkan free 4 polaroid cast start up (bisa pilih)\n#startup #StartUpEp14 #seodalmi #HanJiPyeongTeam https://t.co/hWfqYxCROm'"
90,2020-12-02 06:46:05+00:00,b'Namdosan gak tau diri elaaaaaahhhh..\n#TeamHanJipYeong #timhanjipyeong #TeamJiPyeong #timjipyeong #StartUpEp14'
91,2020-12-02 06:16:08+00:00,b'Sekilas kok mirip Nam Do San yaa \xf0\x9f\xa4\x94 #StartUpEp14 #TeamDosan #TeamJiPyeong https://t.co/jeyxafZuko'
92,2020-12-02 05:02:09+00:00,b'Makanya gue gencar bgt nih ngebacot start up wkakakakakaakkkkk. Yak bentar lg juga ending. Gue malah berharap dodal gak endgame. Gak adil cuk. Gue berharap setiap karakter dpt porsi bahagia masing2. \n\nTp inget: mendapatkan gadis lead bukan jd patokan bahagia!!!! #StartUpEp14'
93,2020-12-02 05:02:08+00:00,b'Kenapa gue akhir2 ini banyak bacot di twit? Ya karena makin kesini team jipyeong makin barbar cuk. Gamasalah sih kalo ngehalu2 gitu ye wajarlah namanya jugak fansss. Tp yg gue sebelin adalah mereka ngehina NJH dong di rl. Asli sebel bet gue. #StartUpEp14 #StartUpEp15'
94,2020-12-02 05:02:07+00:00,b'Gimana kalo seandainya ep 15-16 terjadi plot twist. Jidal berlayar ke samudera cinta. Dan dodal cuma partner bisnis. Kan bisa jadi kek gitu yak??? Kkkkkkk #StartUpEp14 #StartUpEp15'
95,2020-12-02 03:26:57+00:00,b'Ada untungnya gw nonton #StartUp ada relevannya sama fak gw\xf0\x9f\x98\x8c\xf0\x9f\x98\x8c\xf0\x9f\x91\x8d\xf0\x9f\x91\x8d\xf0\x9f\x91\x8d rasanya tuh aahh mantab \n\n#StartUpEp13 #StartUpEp14 https://t.co/xf6xwFoYsN'
96,2020-12-02 03:20:40+00:00,b'omg seo in jae!!! #StartUp #StartUpEp14 https://t.co/wvgGeSLiF9'
97,2020-12-02 02:14:45+00:00,b'Mirip ama Han Ji Pyeong GK sih ? :)\n#StartUpEp13 #TeamJiPyeong #StartUpEp14 https://t.co/X5WN95xVY3'
98,2020-12-02 02:10:03+00:00,b'Kacauuu Nam Do San masih kalah vote dengan Shin Tae Yong #StartUpEp14 \n\ndi satu sisi: kawal terus mr. Han \xf0\x9f\x99\x8f https://t.co/w4n5PLsNea'
99,2020-12-02 01:40:13+00:00,b'Ku sebagai #timjipyeong \xf0\x9f\xa4\xa3\xf0\x9f\xa4\xa3\n\n#StartUpEp14 #Jipyeong #pakhan https://t.co/E5SbjNiwbR'
100,2020-12-01 23:10:53+00:00,b'#StartUpEp14 \nKunci : waktu Pak Han ditanyakan pendapatnya sama Yongsan\n\nYang lain hanya bumbu..\n\nWkwkwkwkwkwkwkw\n\n\xf0\x9f\x98\x82\xf0\x9f\x98\x82\xf0\x9f\x98\x82\xf0\x9f\x98\x82\xf0\x9f\x98\x82\xf0\x9f\x98\x82'
101,2020-12-01 23:06:44+00:00,"b'Sungguh Pak Han..\n\nEmang beda..\n\n(yang lain pada ramai 3 tahun ke mana aja, sudah ngapain aja koq tetep ga ""dapat"" Dalmi. aku fokus ke Pak Han aja!)\n\n#StartUpEp14'"
102,2020-12-01 19:29:25+00:00,b'Saya melihat dalmi tidur disini terkesan caper agar kepalanya disandarin ke pundaknya dosan cuma bisa senyum samaa ga habis pikir aja udahh \xf0\x9f\x98\x8c #StartUpEp14 https://t.co/fhEXVv8GnC'
103,2020-12-01 19:25:53+00:00,"b'Setelah menonton #StartUpEp14 pikiran ku jadi ngada ngadaaa , jangan jangan pa han jadi jodohnya kakanya dalmi \xf0\x9f\x98\x8c #TeamJiPyeong'"
104,2020-12-01 19:19:38+00:00,b'siapa naro bawang di #StartUpEp14  \xf0\x9f\x98\xad\xf0\x9f\x98\xad\xf0\x9f\x98\xad'
105,2020-12-01 19:13:30+00:00,b'yeoksi In Jae daepyonim jjang \xf0\x9f\x91\x8d\n\n#KangHanna #SuzyBae #BaeSuzy #StartUp #StartUpEp14 https://t.co/K22aaFQGXY'
106,2020-12-01 17:55:29+00:00,b'Couple goals\xf0\x9f\x99\x88 Chulsan-Saha\n\n#StephanieLee #YooSuBin #StartUpEp14 https://t.co/OurEzxDsAd'
107,2020-12-01 17:51:24+00:00,b'Dikode berkali-kali tetap gak mau tau. Kawal Jipyeong-Dalmi sampai akhir. \xf0\x9f\x92\x97\n\n#KimSeonho #StartUpEp14 https://t.co/JznAlMTqQx'
108,2020-12-01 17:34:08+00:00,b'indonesia sedang berada pada titik dimna sedang dihadapkan pada pilihan bak pilpres\n#StartUp #StartUpEp14 #StartUpEp15 #tvN #BaeSuzy #NamJooHyuk #KimSeonHo'
109,2020-12-01 17:21:54+00:00,b'Ji pyeong \xf0\x9f\xa5\xba\xf0\x9f\xa5\xba\xf0\x9f\xa5\xba\xf0\x9f\xa5\xba\xf0\x9f\xa5\xba #StartUpEp14'
110,2020-12-01 17:14:50+00:00,"b""#StartUpEp14 and at last, dua2 mengaku salah :))\n\nLama betul nak sedar diri ye dik. Takpelaa ok I don't hate yongsan anymore, lol :p https://t.co/uvbuLThzK3"""
111,2020-12-01 17:10:05+00:00,"b'#StartUpEp14 ha yg yongsan ni pun satu hal. I know la you want to brag, show off to jipyeong that you can be successful unlike what he once said. but eeeee ntahla up to this this still rasa menyampah dgn yongsan ni. Haihh laa cakap baik baik pun perli hmmm https://t.co/c1axPuQVJb'"
112,2020-12-01 17:05:56+00:00,b'Masa nonton #StartUpEp14 nangis deh pas part ini kaya nyesek aja di posisi Dosan \xf0\x9f\xa5\xba\xf0\x9f\xa5\xba Dosannya ga nangis tapi gue yang nonton nangisin dia :\xe2\x80\x99) https://t.co/9EZ3VHYAaY'
113,2020-12-01 17:03:10+00:00,b'Sebagai #TeamDosan aku ga sbr buat eps 15 tapi ga rela juga krn udah mau tamat anjrittt\xf0\x9f\x98\xad\xf0\x9f\x98\xad\xf0\x9f\x98\xad\n#StartUp\n#StartUpEp14 https://t.co/oQVbvIAApQ'
114,2020-12-01 16:34:48+00:00,b'ORANG YANG BIKIN VOTE KAMU TIM SIAPA KAMU TIM SIAPA TUH EMANG NORAK MAKSIMAL YA. CAPER!!!!!!!! #StartUpEp14'
115,2020-12-01 16:30:51+00:00,b'@iyoo @alectronafldae OH WOW! Lo udah berpindah menjadi #TeamJipyeong yaaa sepertinya?? Gue baru beres nonton #StartUpEp14 dan gue juga berharap relationship Dosan dan Dalmi sebatas profesional aja. Kesel kenapa Jipyeong ga make a move walaupun udh 3 tahun. He had the upperhand all this time.'
116,2020-12-01 16:29:52+00:00,"b'Baru selesain #StartUpEp14 dan ga paham sih yg marah marah sama jalan ceritanya, sampe ada berita yg katanya episode kemarin menuai kritikan. Padahal bagus bagus aja..\nOrang orang aja yg terlalu berharap sama second leadnya.'"
117,2020-12-01 16:27:12+00:00,b'Nemu di tiktokk \xf0\x9f\x98\x82\n#timjipyeong #StartUpEp14 #Jipyeong #NamDoSan #SeoDalmi https://t.co/hCi3GLYOnB'
118,2020-12-01 16:25:15+00:00,b'Ibah talaga nakikita ko dito \xf0\x9f\x98\x82\nKim bok Joo lang malakas \xf0\x9f\xa5\xba #startupep14 #StartUpEp15 #fishcake #odeng https://t.co/FfpB02lSzX'
119,2020-12-01 15:35:13+00:00,b'Ihhhh do san parah bangetlah. Ampe dugundugun wee\xf0\x9f\x98\xad\xf0\x9f\x98\xad\xf0\x9f\x98\xad\xf0\x9f\x98\xad #StartUpEp14'
120,2020-12-01 14:45:18+00:00,b'Pak Han.. \xf0\x9f\x98\x96\n#StartUpEp14'
121,2020-12-01 14:39:49+00:00,"b'""Kau tau aku selalu baik jika aku tak tertarik. Kenapa memeriksa kondisi mobil dan mengkritik kondisinya jika tak mau mengendarainya?"" gilaaaa kalimatnyaaaaa simple but ngena bgt #StartUpEp14'"
122,2020-12-01 14:15:22+00:00,b'Gimana?\nReal life banget nggak nih #StartUpEp14?\n\nMau tanya @hrdbacot ah\xf0\x9f\x98\x82\xf0\x9f\x98\x82 https://t.co/2iuuqYYHbH'
123,2020-12-01 14:14:54+00:00,b'#StartUpEp14 #StartUp \nrespon salah satu korban drama \xf0\x9f\x98\x82 https://t.co/FCwZk8qg6X'
124,2020-12-01 14:07:56+00:00,"b'Jipyeong be like: ""Ya gimana org mau maju? gue juga tau di hati dia bukan gue,tapi orang lain""\n#StartUpEp13 \n#StartUpEp14'"
125,2020-12-01 14:07:50+00:00,b'Baru mau nonton\n#StartUpEp13 \n#StartUpEp14 \n\xf0\x9f\x98\x85\xf0\x9f\x98\x85\xf0\x9f\x98\x85\xf0\x9f\x98\x85\xf0\x9f\x98\x85'
126,2020-12-01 14:00:12+00:00,b'everyone who likes watching start up please vote namzy in the swoon plz\n.\nStart Up masuk nominasi the swoon tolong dukungannya dan hilangkan dulu peeasaan tidak suka pada karakter\nyok bisa yok!\n\n#StartUpEp13 #StartUpEp14 #StartUpEp12 #StarUpEp11 #StartUp10 #Dalmi #Dosan #Jipyeong https://t.co/tdelYOsOLm'
127,2020-12-01 13:56:26+00:00,b'Jipyeong 3 tahun gak ngapa2in\nDalmi 3 tahun gak ganti sprei\nDosan 3 tahun gak ganti laptop\nInjae 3 tahun gak tau apa2 \nitu 3 tahun apa 3 menit\n#startup\n#StartUpEp14 \n#TeamDosan \n#TeamJiPyeong https://t.co/Pu4TpseEJy'
128,2020-12-01 13:47:14+00:00,b'team dosan talaga ko grrrr \xf0\x9f\x98\x8c\xf0\x9f\xa4\x9f\xf0\x9f\x8f\xbb #StartUpEp14 https://t.co/BrxZYBmgTo'
129,2020-12-01 13:39:29+00:00,"b'Favorite scene dalam #StartUpEp14. Yong-san minta nasihat dari Ji-pyeong sama ada nak buka syarikat atau jadi developers. Dalam hidup memang kita tamak, semua benda nak buat tapi mana satu yang buat kita gembira? \xe2\x9c\xa8 https://t.co/bSHGAccIG8'"
130,2020-12-01 13:31:48+00:00,"b'Pengen bgt jipyeong ketemu wanita lain terus bahagia, dalmi nya nyesel gituu\xf0\x9f\x98\x8c #StartUpEp14'"
131,2020-12-01 13:22:36+00:00,b'Yongsan apologised to Han Ji Pyeong\n\n#StartUpEp14\n#StartUp\n#\xec\x8a\xa4\xed\x83\x80\xed\x8a\xb8\xec\x97\x85 https://t.co/NRBqHVkVXk'
132,2020-12-01 13:14:39+00:00,"b""In Jae remembers Dal Mi and Dosan's breakup \xf0\x9f\xa4\xa3\n\n#StartUpEp14\n#StartUp\n#\xec\x8a\xa4\xed\x83\x80\xed\x8a\xb8\xec\x97\x85 https://t.co/vqV0WeQpqy"""
133,2020-12-01 13:09:44+00:00,b'sedikit masukan buat nam do san dkk yang ingin memulai bisnis tapi bingung mau bisnis apa #StartUpEp14 https://t.co/BegNcU7C2l'
134,2020-12-01 13:03:14+00:00,b'Yongsan best boy banget sih. Lebih dewasa dan mau minta maaf duluan \xe2\x9d\xa4 #StartUpEp14 #StartUp https://t.co/rYo6yPfzM8'
135,2020-12-01 12:41:06+00:00,"b'nam dosan bilang bahwa waktu gabisa bikin dia lupain dalmi. aku pernah baca buku dan ada kutipan bagus bgt.\n\n\xe2\x80\x9cwaktu tidak akan pernah bisa menyembuhkan luka, hanya luka baru yang bisa menggantikan luka lama, jadi\xe2\x80\x94 apakah kau mau melukaiku lebih dalam?\xe2\x80\x9d #StartUpEp14'"
136,2020-12-01 12:23:30+00:00,b'Kenapa  mengkritik mobilnya kalau gak tertarik untuk mengendarai #StartUpEp14 ini bener banget ! Cerewet krn kita peduli dan tertarik .. #TeamJiPyeong'
137,2020-12-01 12:13:26+00:00,b'Ayo yg nghype start up. Divote ya \n#StartUpEp15 #StartUpEp14 #suzy #kimseonho #namjoohyuk https://t.co/4XL2w0192k'
138,2020-12-01 12:08:51+00:00,b'takut bgt kalo eps 15 ji pyeong knp knp tpi g bakal si tpi tkut aja soalnya pas pertengahan dia g dpt cobaan lgi cuma masalah percintaan doang semoga g knp knp #StartUpEp14'
139,2020-12-01 12:03:17+00:00,b'karna eps #StartUpEp14 ak mnjd suka in jae \xf0\x9f\x91\x8d\xf0\x9f\x8f\xbb'
140,2020-12-01 11:43:39+00:00,b'Han Ji Pyeong or Nam Do San? \xf0\x9f\xa4\x94 #StartUpEp14 #episode14 #TeamJiPyeong https://t.co/957CWsTxir'
141,2020-12-01 10:47:38+00:00,"b'finally, kapalku berlayar di #StartUpEp14'"
142,2020-12-01 10:37:36+00:00,"b'Baru nonton eps 14 nihh !! Tetep stay di #TeamHanJipYeong , bucin dengan tetap realistis emang idaman \xf0\x9f\xa5\xb0\xf0\x9f\xa5\xb0 #TeamJiPyeong #StartUpEp14 #StartUp https://t.co/6QSM4MdGGe'"
143,2020-12-01 10:34:53+00:00,b'ini #StartUpEp14 bagus bgt tp knp byk yg bilang mengecewakan ya? Dan yg aku liat jga bisnisnya di ep ini masih ada bgt dan love story ga terlalu byk. Tp knp org2 bilang klo eps skg lebih fokus ke love story nya? Curiga nih mereka liatnya byk yg diskip atau cuma liat cut2 nya aja'
144,2020-12-01 10:34:41+00:00,b'Malam sat lagi sambung episode #StartUpEp14 #TeamHanJipYeong'
145,2020-12-01 09:51:42+00:00,"b'Pengen kayak dalmi, pergi ke gereja terus berdoa sama Tuhan ""Semoga InTheEnd Pak Han yang Menang"" \nBut it just drama \xf0\x9f\x98\x8e\n#StartUpEp14'"
146,2020-12-01 09:48:30+00:00,b'Abis nntn #StartUpEp14 aku ikhlas aja mau pak Han sama siapa yang penting dia hrs bahagia gamau tau?!'
147,2020-12-01 09:01:50+00:00,"b'Tiga tahun berlalu, senyum Jipyeong untuk Dalmi tetaplah sama. Disaat kisah ini hampir berakhir, jipyeong masih memandang dalmi dgn tatapan seperti itu. Jipyeong layak happy ending meskipun tdk bersama dalmi\xf0\x9f\xa5\xba\xf0\x9f\x92\x94\n\n#StartUpEp14 #StartUpEp15\n#TeamJiPyeong \n https://t.co/6vY00HdfFz'"
148,2020-12-01 09:00:24+00:00,b'Selama 3 tahun lo ngapain ajaaaaaa pak han ???\n#StartUpEp13 \n#StartUpEp14 https://t.co/IqyMFggqyZ'
149,2020-12-01 08:54:57+00:00,b'Setelah nonton #StartUpEp14 ada baiknya bu Dalmi sama Dosan. Jipyeong sama saya saja.'
150,2020-12-01 08:53:20+00:00,"b'Sedikit pendapat soal #StartUpEp14, yang jelas ini berasa eps terakhir buatku. Semuanya udah jelas, Dalmi dah pasti sama Dosan dan Samsan Tech balik full team. Apa lagi yang perlu diceritain coba \xf0\x9f\x98\x85'"
151,2020-12-01 08:50:51+00:00,b'BISMILLAH YUK NAM DO SAN KAMU BISA NAKK \xf0\x9f\x98\xad\xe2\x9c\x8a\xf0\x9f\x8f\xbb \n#TeamDosan #StartUpEp14 https://t.co/yzhzhw29Hc'
152,2020-12-01 08:25:46+00:00,b'Sekali kalian berkata kasar pada orang lain. Semua itu akan membekas dihati orang yang kamu sakiti itu dan akan selalu ingat bahwa kau yang telah menyakitinya. Pelajaran yang diambil dari #StartUpEp14 #StartUp https://t.co/UHcuSllQ23'
153,2020-12-01 08:08:05+00:00,"b'Akhirnya Dosan, Chulsan dan Yongsan pamer jidat #StartUp #StartUpEp14 https://t.co/6QAj1QpYDM'"
154,2020-12-01 06:46:11+00:00,"b'setelah nnton #StartUpEp13 dan #StartUpEp14 jujur aja aku gak penasaran lagi sama endingnya, awalnya aja bkin nghype abis ujungnya uda kayak gmna gtu duuuuhhh\nbnyak yg gamasok akal menurut aku si\nkalo bukan krna mr.han mgkin gak akan bertahan sejauh ini sama drama nya'"
155,2020-12-01 06:32:32+00:00,"b'""menjadi tak berarti""\n\n#StartUp #StartUpEp14 https://t.co/C2Fh9HYfJh'"
156,2020-12-01 06:32:24+00:00,"b'Terus ini apa, Pak?\xf0\x9f\xa4\xad\n\n#StartUp #StartUpEp14 https://t.co/YuGwIHk4HS'"
157,2020-12-01 06:31:37+00:00,"b'Yang banyak bertanya kenapa setelah 3 tahun ini Dosan belum tau harus ngapain, belum punya tujuan. Ya karena memang Dosan ini memang lebih cocok jadi employee daripada employer #StartUpEp14 https://t.co/zszswqF6P9'"
158,2020-12-01 06:27:56+00:00,b'tim jipyeong garis keras mananih? \xf0\x9f\xa4\xad\n\n#StartUpEp14 #Jipyeongteam'
159,2020-12-01 06:25:20+00:00,"b'Me setelah nonton Startup episode 14  :\xe2\x80\xba banyak sebenarnya yg berkeliaran diotak, dan lumayan menganggu\xf0\x9f\x98\x80 jadi ku ulas disini :O\n\n#StartUpEp14 https://t.co/fyaUXpevN2'"
160,2020-12-01 05:04:23+00:00,b'AYOO AYO ANGKUT CUMA 30K FANKIT START UP !!!! \xe2\x9c\xa8\xe2\x9c\xa8\xe2\x9c\xa8\n\nStock menipis \xf0\x9f\x98\xa3\nhttps://t.co/VlDD8sPzHp\n\n#StartUpEp14 #StartUp https://t.co/cooQRBecFo'
161,2020-12-01 04:58:00+00:00,b'Uuuuuuuu perkataannya tepat sasaran sekali moms #StartUpEp14 https://t.co/kxMLQkLY2V'
162,2020-12-01 04:57:58+00:00,"b'Plottwist wkwk meski emng ada di cuplikan sebelumnya, melewati lembah, sungai dan hutan tapi tetep bisa nyamperin dong \xf0\x9f\x99\x89\xf0\x9f\x99\x89makin dilupain makin kebayang mukanya... Emng relate banget dahh :) \nDisini ost nya suzy lagi yang nyanyi haduuu makin cakep \xe2\x99\xa5\n#StartUpEp14 https://t.co/qZK7jLPJlF'"
163,2020-12-01 04:56:59+00:00,"b'Sehun-ah.... maaf ya aku oleng sebentear ke Han Ji Pyeong, soalnya  dia butuh kekuatan, 3 tahun dibiarkan lewat begitu saja, sampe Dosan balik lagi, Duh....!!! #StartUpEp13 #StartUpEp14 #TeamJiPyeong'"
164,2020-12-01 04:41:57+00:00,"b'Thanks sindirannya mba Injae \xf0\x9f\x98\x85 #StartUpEp14 mungkin penulisnya mencontoh drama dia sendiri untuk nulis adegannya.\n\nKenapa juga mesti marah-marah, kan bisa dijelasin baik-baik terus nyusun rencana untuk tiga tahun selanjutnya bareng-bareng. Sekarang pusing kan gimana mau rekutnya https://t.co/mWSDJxLzL5'"
165,2020-12-01 04:24:42+00:00,b'Tapi sumpah sih Samsan Tech nggak mau berlima lagi apa???  #StartUpEp14 https://t.co/8YqGspte5A'
166,2020-12-01 04:22:49+00:00,"b'Yg 1 gabisa move on 3 taun, yg 1 ga ngapa2in udah 3 taun bareng. Dasar para sadboy korea selatan.\n#StartUpEp14'"
167,2020-12-01 04:19:06+00:00,"b'Thanks Dosan, bagiku emang tiga tahun kayak tiga detik. Nggak ada yang berubah anjir. Kecuali Hubungan kalian yg belum ada tanda-tanda balikan. Tipikal drama sih, mau diakhir hubungannya di renggang-renggangin biar pas ending DUARR kelihatan seperti mega happy ending #StartUpEp14 https://t.co/67Ff3My6Kh'"
168,2020-12-01 04:15:50+00:00,"b'#StartUpEp14 Mari Bertanya\n\n.\n.\n.\n\nTerimakasih Direktur Han, sudah mengajukan pertanyaan para penonton. Tiga Tahun ngapain aja lu, kok hubungannya nggak berubah? https://t.co/vV8T8dF8L2'"
169,2020-12-01 03:43:23+00:00,"b'#StartUpEP14 membuat gue sangat kasian sama jipyeong cos boyyy you need to quit it already. mau ngoyo kaya apa kalo mbanya ngga ngasih closure yang jelas ya gausah dibelain. das why i root for dosan karena seculun-culunnya dia, he knows when to quit.\n\nalso chulsan and saha \xe2\x9d\xa4\xef\xb8\x8f https://t.co/HYKjgwZ00v'"
170,2020-12-01 03:42:17+00:00,b'\xf0\x9f\x8e\x9e seonho__kim INSTAGRAM UPDATE (201201)\n\n#netflix \xe2\x97\xa1\xcc\x88\n\n#KimSeonHo #HanJiPyeong #HanJiPyeongTeam #TeamJiPyeong #TeamGoodBoy #StartUpEp14 #StartUp https://t.co/3LP38QQBA6'
171,2020-12-01 03:37:14+00:00,"b'Biasanya GMMTV kan suka remake drakor, nah ini Start Up versi Thailand Remake Check aww \xf0\x9f\x98\x83 #StartUpEp14 #StartUp #GMMTV #GMMTV2021 #winmetawin #puimekster #TayTawan #namtantipnaree #janhae #ssing #kayavine https://t.co/Zt56ooLULY'"
172,2020-12-01 02:44:43+00:00,"b'Dosan Dosan. U pergi ke rumah Paman naek sepeda sampe jatoh2. Pas si Dalmi nyamperin, pulangnya u jd jalan kaki. Malah jd gemblok si Dalmi. Itu sepeda u, direlain gitu aja di sawah noh?! Kalo pulangnya boncengan msh masuk akal. Heuuuuh. #StartUpEp14'"
173,2020-12-01 02:36:10+00:00,b'Nd: Kenapa kamu menyukaiku?\nSd: karena tanganmu besar\n(Kita tunggu alasan sesungguhnya)\n#StartUpEp14\nKenapa kmu menyukainya?\nAku: karna dia tinggi\n( alasan sesungguhnya ngga nemu)'
174,2020-12-01 02:33:09+00:00,"b'3 tahun ga ambil kesempatan buat deketin Dalmi. Dosan dateng baru kepikiran beli perhiasan. Yaudah, Jungpal kedua \xf0\x9f\x99\x83 #StartUpEp14 https://t.co/dVPbOEDC0R'"
175,2020-12-01 02:31:08+00:00,b'Dalmi dicloning aja biar dosan dan pak han sama2 dapet dalmi #StartUp #StartUpEp13 #StartUpEp14 https://t.co/YdRn5PQBnt'
176,2020-12-01 02:23:28+00:00,"b'Dalmi mulai bingung sama isi hatinya. Dosan mulai merenungi isi surat-surat Jipyeong-Dalmi. Bisa jadi ini momen kemajuan pendewasaan karakter Dosan, ketika Jipyeong rela melepas Dalmi, akankah Dosan juga mampu melakukannya? \xf0\x9f\x98\x8a ngomong apa dah gue\xf0\x9f\x98\x81\xf0\x9f\x98\x86\n#StartUpEp14 #StartUpEp15 https://t.co/5yfiZMafuj'"
177,2020-12-01 02:17:19+00:00,"b'Walau eomma DoSan udah bilang 100%, tetep optimis JipyeongxDalmi till the end hihi\xf0\x9f\xa4\x97. Benang merah surat\xc2\xb2 itu akan datang lagi di 2 last episode, yang di pegang Dalmi sepertinya\xc2\xa0 tulisan Jipyeong nih! Apa ya kira-kira isinya\xf0\x9f\x99\x83 haha ngayal dulu  yaa\xf0\x9f\x98\x86\xf0\x9f\xa4\xa1 #StartUpEp14\n#StartUpEp15 https://t.co/WMF0qw21pi'"
178,2020-12-01 02:11:22+00:00,b'Aku separuh mati nak tengok #StartUpEp14 tapi tiber akaun @netflix aku x lepas nak bayar. Kenapa???'
179,2020-12-01 01:55:18+00:00,b'baru selsai nonton  #StartUpEp14  smlm .. huaaa bner2 nih writer nim  nya haha'
180,2020-12-01 01:39:44+00:00,"b'Dahlah, paling bener jadi tim mereka. #StartUpEp14 https://t.co/SQdGgbCvLR'"
181,2020-12-01 01:32:35+00:00,b'#startUp #StartUpEp14 butuh 14 episode buat #Jipyeong mundur. Dalmi sama Dosan emang lebih cocok krn sitik-sitik nangis...beraaa'
182,2020-12-01 01:04:16+00:00,"b'Surat selama 15 TAUN juga ga pernah dibahas setelah tau yg nulis selama ini jipyeong. Kenapa gituloh? Semoga endingnya jelas, semuanya bahagia. #StartUpEp14 alur ceritanya terlalu cepet jadi agak bingung. (Cila bukan writernya bacot amat) ya maap kalo aku bacot, kesel aja liatnya'"
183,2020-12-01 00:59:16+00:00,b'Setuju semua sama yang diulas sama kak @imanusman di IG tentang #StartUp plot hole everywhere \n#StartUpEp13 \n#StartUpEp14 \nGedeg banget lama2 w.. Kalo bukan karena senyum Kim Seon Ho dah males w liatnya'
184,2020-12-01 00:49:36+00:00,"b'Sumpah tadinya ga sbrp Pro Dosan.\nMaksudnya kalo Dalmi jadinya sama pak Han juga ya gapapa,ikhlas aku karena doi juga baik.\n\ntapi pas liat scene ini JLEBBBB gue jdi ga rela kalo Dalmi sama Pakk Han :)) \nLicik bgt caranyaa :) \n#StartUp \n#StartUpEp14 https://t.co/Jc7l8Tcxad'"
185,2020-12-01 00:34:50+00:00,b'poin dari cerita #StartUpEp14 kenapa selama 3 tahun si #HanJiPyeong gak kunjung nembak si #SeoDalmi sik.. kan keburu #NamDoSan pulang.. elu ngapain aja sik \xf0\x9f\x98\x8f\nemosi jadinya~'
186,2020-12-01 00:23:47+00:00,b'team nam dosan #StartUpEp14'
187,2020-12-01 00:19:44+00:00,b'coba pagi ini tiba2 depan apartemen ada makhluk sejenis ini bilang selamat pagi \xf0\x9f\x98\xad#StartUpEp14 https://t.co/ZyzlHv3alr'
188,2020-12-01 00:04:40+00:00,b'Mga galawan ni Chulsan eh. Ahahaha qt \xf0\x9f\xa4\xa9 #StartUpEp14'
189,2020-11-30 23:43:51+00:00,b'Anjir cool banget sumpah ji pyeong\n#StartUp \n#StartUpEp14 https://t.co/ZNFe2urjYx'
190,2020-12-13 17:00:01+00:00,b'Next year could be decisive for the world \xf0\x9f\x8c\x8f. 2020 has taught us that we need to work together for a stronger response and show that we can build back better.\n\nJoin in. Be the change.'
191,2020-11-30 22:33:28+00:00,"b""Ini loh yang gue mau \xf0\x9f\x98\x8e liat di episode 4 Dalmi &amp; Injae mau rekrut Samsan Tech, pikiran liar gue saat itu 'kenapa semuanya gak bersatu aja' dan tercapai dong di eps 14 \xf0\x9f\xa4\x97\xf0\x9f\xa4\x97\n\n#StartUpEP14 https://t.co/Ts0FRL1ufd"""
192,2020-11-30 22:30:46+00:00,"b'ini ji pyeong senyum terus \xf0\x9f\x98\xad mana manis bgt, bikin ak jdi senyum sendiri wkwk\xf0\x9f\x98\xad anak baik yang perhatian, kalo gini sama ak aja dia cocok kan ya\xf0\x9f\x98\xad\xf0\x9f\x91\x8d\xf0\x9f\x8f\xbc\n#StartUpEp14 #StartUp https://t.co/4SgIWkHHzR'"
193,2020-11-30 21:42:50+00:00,b'Seo Dal Mi and Nam Do San\xf0\x9f\x92\x94\xf0\x9f\x92\x94\xe2\x9d\xa4\xef\xb8\x8f\xe2\x9d\xa4\xef\xb8\x8f\n#StartUpEp14 https://t.co/4nk11RoK6W'
194,2020-11-30 21:20:22+00:00,"b'Sempat kepikiran, di scene ini Dal-mi nyamperin Dosan cuma karna takut dipecat Injae\xf0\x9f\x99\x82 #StartUpEp14 https://t.co/0jNiJraNrO'"
195,2020-11-30 19:30:47+00:00,"b""Salah satu kekonyolan dari sekian banyak kekonyolan yg ditimbulkan dari pemaksaan alur lewat time skip \xf0\x9f\x98\xad\xf0\x9f\x98\xad\xf0\x9f\x98\xad \nSedig banget ogut, jadi agak tercoreng ni drama huhu \nMasih tersisa 2 episode, semoga endingnya bisa menutup kecacatan yg udah terjadi. \nNobody's perfect. \n#StartUpEp14 https://t.co/nWWybQ5iZQ"""
196,2020-11-30 19:19:21+00:00,b'#StartUpEp14 rampung juga.\nDurasi sih satu jam cuman pas dilihat berasa 5 menit. Candu banget anjir banyak kejadian can relate can relate nya. Gasabar. https://t.co/mt9Lrp8cFo'
197,2020-11-30 18:53:51+00:00,"b'abis nonton #StartUpEp14 dan cuma mau bilang buat team direktur han.... ""yaudah lah ya"" \xf0\x9f\x98\x82'"
198,2020-11-30 18:40:15+00:00,"b'Setelah #StartUpEp14 aku baru nyadari satu hal si kenapa dari awal aku selalu terombang ambing gak jelas urusan tim apa tim apa. Ternyata karena selama ini aku ngeliat dua jalan yg berbeda tapi dipaksa untuk jadi satu jalan yang sama, yaitu jalannya Dalmi.'"
199,2020-11-30 18:23:54+00:00,b'Makin kesini nntn startup makin jelas ending nya dalmi dengan siapa :) padahal pen nya dalmi ama ji pyeong\xf0\x9f\x98\xad\xf0\x9f\x98\xad\xf0\x9f\x98\xad #StartUpEp14 #startup15 #startup16'
200,2020-11-30 18:21:36+00:00,b'Aku Team Nam Do san boss\n#StartUpEp14 https://t.co/FN2WkTQsZ7'
201,2020-11-30 18:10:49+00:00,b'Masih kerasa feel nya gara\xc2\xb2 episode kemarin\n\n#TeamDosan until the end\n\n#StartUpEp14 #StartUp\n#StartUpEp13 #\xec\x8a\xa4\xed\x83\x80\xed\x8a\xb8\xec\x97\x85 \n#\xeb\xb0\xb0\xec\x88\x98\xec\xa7\x80 #\xeb\x82\xa8\xec\xa3\xbc\xed\x98\x81 #\xeb\x8f\x84\xeb\x8b\xac \n#Dosan #Dalmi \n\nhttps://t.co/MClzG7MPRT'
202,2020-11-30 18:03:05+00:00,"b'Konsep elevator speech yang dijabarkan juga menarik banget, dan menambah wawasan lagi.\n\nSalah satu hal positif dari drama ini ya itu, banyak dapat ilmu/istilah2 baru \n\nPenasaran ini tamatnya bakal gimana \n#StartUpEp14'"
203,2020-11-30 18:03:04+00:00,"b'Di satu sisi dia nggak mau ngebohongin perasaan dia, dan di sisi lain dia menunjukan ke-profesional-an nya. Dan dia bisa menyatakan 2 2 nya bersamaan. Itu bukan hal yang mudah. Bagaimanapun keadaannya dia tetap menunjukan sikap profesional. Salut banget buat mas han\n#StartUpEp14'"
204,2020-11-30 18:03:04+00:00,"b'""Sebagai seorang pria, aku akan berusaha menghalangi kalian, tapi sebagai seorang investor, menurutku kalian akan bisa menjadi partner yang baik""\n\nScene ini powerful banget. \n#StartUpEp14'"
205,2020-11-30 17:50:52+00:00,"b'Pelajaran #StartupEp14 dari Dal-mi adalah kalau jadi CEO harus bisa bedakan urusan pribadi dengan urusan perusahaan/bisnis.\n\nJadi, kalau awalnya bisnis bareng pacar, dan tiba2 putus, maka tetaplah profesional, bukan baper.\n\n#TipsPengusaha'"
206,2020-11-30 17:23:28+00:00,b'Sepedanya ditinggal? \n\n#StartUpEp14 #StartUp https://t.co/42Ul7EzAPm'
207,2020-11-30 17:19:59+00:00,"b'Skrng Point utamanya cuma 1 yang di inginkan team jipyeong , jipyeong harus bahagia dengan siapapun itu. Jadi mau gimanapun Team Jipyeong ga akan pindah haluan ke team do san dan akan kawal jipyeong sampai akhir walau ga sama dal mi. #StartUpEp14'"
208,2020-11-30 17:16:53+00:00,b'sedikit membosankan #StartUpEp14 https://t.co/zekeEBRqnD'
209,2020-11-30 17:15:56+00:00,"b'Just finished watching #StartUpEp14, and it was soooo good omg! I love that ""elevator speech"" concept \xf0\x9f\x98\x8d bingung kenapa org2 bilang start up udh kurang seru dibandingkan episode2 awal, padahal ini tambah seruu! \xf0\x9f\xa4\xa9\xf0\x9f\x91\x8c\xf0\x9f\x8f\xbc https://t.co/uCfMDJbiL3'"
210,2020-11-30 17:14:50+00:00,b'Menohok \xf0\x9f\xa4\xa3\n\n#StartUpEp14 #StartUp https://t.co/IwHfdJCJ2o'
211,2020-11-30 17:02:16+00:00,b'Lumayan speaking nya chulsan \n\n#StartUpEp14 #StartUp https://t.co/LuheRurP42'
212,2020-11-30 16:45:45+00:00,b'#StartUpEp14 ya semoga 100%itu bertahan smpai Ending:) https://t.co/2YzbNAqfGz'
213,2020-11-30 16:40:11+00:00,b'buset? sprtinya ji pyeong sudah tidak mempunyai ksmptan lagii\xf0\x9f\x98\xab\napakah aku akan oleng ke kapal pertamaku? ato dahlah gw penumpang kapal chulsan ama sa-ha sj yg ga repott\xf0\x9f\x98\xab\xf0\x9f\x98\xab\xf0\x9f\x98\xab\n#StartUpEp14'
214,2020-11-30 16:39:28+00:00,b'Sadar juga akhirnya. Syukurlah \xf0\x9f\x98\x8c\n\n#StartUpEp14 #StartUp https://t.co/9XH3RA657T'
215,2020-11-30 16:36:37+00:00,b'Pgn pinter bisnis kayak Ji Pyeong\nPgn pnya keberanian kaya Dalmi\nPgn tegas kaya In Jae\nPgn pinter dan sabar kaya Dosan\nPgn humoris kaya Chulsan\nPgn jd temen yg selalu ada kaya Saha dan Yongsan \n\nHuaa lengkap bgt semua karakter ada di dlm satu drama luv bgt! #StartUpEp14 \xe2\x9d\xa4\xef\xb8\x8f'
216,2020-11-30 16:34:38+00:00,"b'Yg tampan akan kalah sama yg selalu ada. Tuh, yg tampan aja kalah apalagi klo B aja wkwkwk #tetepteamdosan #teamdosan #namdosan #startup #StartUpEp14'"
217,2020-11-30 16:30:05+00:00,b'#StartUpEp14 sejauh ini team mana nih...'
218,2020-11-30 16:25:34+00:00,"b'Mau Seo dal-mi endingnya ntr sama Nam do-san atau Han ji-pyeong,yang penting kamu sama aku udh gtu aja. \n#StartUpEp14 \n#Dalmi\n#Dosan\n#JiPyeong \n#Injae'"
219,2020-11-30 16:22:11+00:00,b'Entah mengapa drama ini sangat menggoyahkan hati ku untuk membangun bisnis juga.. Tapi pikiran masih blm sampai untuk memahami situasi\xf0\x9f\x98\xb6\n#StartUp #StartUpEp13 #StartUpEp14'
220,2020-11-30 16:20:10+00:00,b'#StartUpEp13 dan #StartUpEp14 semakin membuat #TeamJiPyeong gregetan. https://t.co/5ox3peX2gy'
221,2020-11-30 16:17:29+00:00,"b'Baru sempat nonton eps 14 dan menurutku, Han Ji Pyeong itu bukan 3 tahun gak ngapa-ngapain tapi udah 3 tahun masih gak di kasih kesempatan sm dalmi :) #StartUpEp14 https://t.co/YSOYxDHA13'"
222,2020-11-30 16:16:40+00:00,b'#StartUpEp14 kaya ftv..... dalmi galau mulu'
223,2020-11-30 16:16:39+00:00,b'@yZidaneee Apapun team mu minumannya tetap @sweetbearlatte \n\n#TeamJiPyeong #StartUpEp14 #ngopikuy'
224,2020-11-30 16:14:53+00:00,"b'Ergh, menyampah la #StartUpEp14'"
225,2020-11-30 16:11:48+00:00,b'Pantulan wajahnya dari kaca aja gemoy \xf0\x9f\xa5\xba\xf0\x9f\x98\xad #StartUpEp14 https://t.co/zpgfxfi9XW'
226,2020-11-30 16:10:10+00:00,b'aduh aku bingung sampai #StartUpEp14 aku belum milih siapa-siapa aaaakh gmn ini. tapi Dosan kamu berdosa sekalih di #StartUpEp13 \xf0\x9f\x98\xa0 aku gk suka yah kamu gitu. jangan di ulangin lagi kay.'
227,2020-11-30 16:04:57+00:00,b'Cakep juga diliat2 kamu mas \n\n#StartUpEp14 #StartUp https://t.co/ALJiIkzzS6'
228,2020-11-30 15:54:45+00:00,b'Han Ji-pyeong belom kapok berbohong ya wkwk \xf0\x9f\x98\x82 #StartUpEp14 https://t.co/DMYCiEqP2H'
229,2020-11-30 15:54:39+00:00,"b'Ngobrol-ngobrol, tahan juga ya w gak nonton #StartUpEp14. Gak terlalu menarik lagi buat dilanjutin, tunggu minggu depan~'"
230,2020-11-30 15:50:33+00:00,b'Baru 5 menit udh w matiin anjir \nG siapp bgt wkwkkw rasanya deg\xe2\x80\x9dan parah\n#StartUpEp14 https://t.co/IOxRQYAUKI'
231,2020-11-30 15:50:14+00:00,b'#StartUpEp14 ngebosenin banget jujur.'
232,2020-11-30 15:45:42+00:00,b'Kinain ng systema \xf0\x9f\x98\xad\xf0\x9f\x98\x82\xe2\x9c\x8c\xf0\x9f\x8f\xbc\n\nTT: @ itssarahdm \n\n#startupkdrama \n#StartUpEp14 \n#TeamDosan \n#teamhanjipyeong \n#TeamJiPyeong https://t.co/qcsRegoHli'
233,2020-11-30 15:44:54+00:00,"b'Kalian sadar nggak si, logo Samsan Tech mengingatkan sama logo PT R1fan Financind0\xf0\x9f\xa4\xa3\xf0\x9f\xa4\xa3\xf0\x9f\xa4\xa3\xf0\x9f\xa4\xa3 #StartUp #StartUpEp14'"
234,2020-11-30 15:44:51+00:00,"b""semenjak bertebaran spoiler #StartUpEp13 #StartUpEp14 aku semakin yakin untuk tidak buru-buru nonton. \nketika alur cerita mulai berubah (dari miskin jadi kaya) ceritanya 'tampak membosankan' dan 'tidak greget' or 'dipanjang-panjangin ceritanya' \xf0\x9f\x98\x86"""
235,2020-11-30 15:37:18+00:00,b'#StartUpEp14 ko banyak bucinnya \xf0\x9f\x98\xa2'
236,2020-11-30 15:35:19+00:00,"b'Sebel gw pngen jitak dalmi. Astaga dimana2 org sungkan kali. Ada org suka sama kita, tpi malah curhatin cwok lain yang kita suka ke dia. Apalagi dalmi dah tau kalo mereka pernah berantem. Ga peka. \n\nPHR chakka nih minta dicubit asdgfkl\n\n#StartUpEp14 #StartUp'"
237,2020-11-30 15:30:20+00:00,"b'Saat mamaku nonton Dal-Mi sama Do San di #StartUpEp14 , \xe2\x80\x9cEmang cinta itu gila\xe2\x80\x9d.'"
238,2020-11-30 15:14:58+00:00,"b'Ayo gaes, mulai investasi saham. \n\nJangan lupa masukin kode referral dhan463 ya pada saat registrasi \n\n@ajaib_investasi\n\n#startup #StartUpEp14 #TeamJiPyeong #BaeSuzy https://t.co/jKdvaHPqDK'"
239,2020-11-30 15:09:45+00:00,b'Terserah lah. Mau Dal Mi sama Yeong Sil juga bodoamat. Ekspektasi ke ending film aja bikin puyeng. #StartUpEp14'
240,2020-11-30 15:09:40+00:00,b'Gua ngakak bisa bisanya agamanya fleksibel\xf0\x9f\x98\xad\n#StartUpEp14 https://t.co/bhR2cB49mI'
241,2020-11-30 15:09:28+00:00,b'besaran tangan dosan apa jipyeong?\n#StartUp #StartUpEp14'
242,2020-11-30 15:07:33+00:00,b'yong san wag mokong pinapaiyak pls lang #StartUpEp14'
243,2020-11-30 14:59:43+00:00,b'Ngakak buahahaha #StartUpEp14 https://t.co/iOpodGBrh0'
244,2020-11-30 14:54:33+00:00,b'@tiiiikatangin Haha ya ampunn bengeekk\xf0\x9f\xa4\xa3\n\nAnnyeonghaseo yeorobun\xe2\x9c\xa8\nDimasa pandemi ini pasti kalian jadi sering nonton drakor gaa sihh? Nah kebetulan @puccarious lagi ada desain special drakor #StartUp kesukaan kalian dan masih banyak lagi katalog lainnya\xf0\x9f\x98\x8d #startupep14\nYuk kepoin!\xf0\x9f\x91\x87\xf0\x9f\x8f\xbb https://t.co/ohOtezUu5c'
245,2020-11-30 14:54:10+00:00,b'Baru sempet #StartUpEp14 https://t.co/Iw3PTVJIJh'
246,2020-11-30 14:53:28+00:00,b'terlalu fair kamu jadi lelaki Ji Pyeong-ssi\nterlalu fair.....\n\n#StartUpEp14 https://t.co/ufmicKtwrn'
247,2020-11-30 14:49:53+00:00,b'Karupokan 10\xf0\x9f\x98\x85\n\n#StartUpEp14 https://t.co/rFpKapioBK'
248,2020-11-30 14:47:24+00:00,b'Nakakainis bat parang nagiging team dosan ako unti unti HAHAHAHAHAHA \n#StartUpEp14 #TeamDosan'
249,2020-11-30 14:45:18+00:00,"b'Setelah liat #StartUpEp14  liat haelmoni kena masalah psikis suka tidur terus setelah ga jualan corndog, apa jangan-jangan sama y kayak aku tidur terus gara"" ga sekolah \xf0\x9f\x92\x86'"
250,2020-11-30 14:45:05+00:00,b'Dh lah dr awl dh sreg sih seo dal-mi sm Nam do-san #StartUpEp14 #TeamDosan https://t.co/dUKaen51Bj'
251,2020-11-30 14:44:18+00:00,"b""smp eps 14 baru bisa ngerelain dalmi sama dosan aja, awalnya emg berharap bgt sm jipyeong but now I realize dalmi doesn't deserve jipyeong\ndia terlalu sempurna. he needs someone better than her dan paling bener emg dalmi dosan udah, ngalah. #StartUpEp14"""
252,2020-11-30 14:42:48+00:00,b'Sa bawat LUNGKOT may kaakibat na SAYA.\n#StartUp\n#StartUpEp14\n#CongTV\n#AREPAYDI https://t.co/IQcfajpi6t'
253,2020-11-30 14:41:40+00:00,b'Jadi yg pengen gue sampaikan dr thread ini adalah terima aja apa yg disajikan ama drama start up ini. Ambil pesan2 pentingnya aja. Emang gak bosan nyakitin diri cuma grgr karakter yg lo suka ga berakhir dg mainlead? #StartUpEp14 #StartUpEp15'
254,2020-11-30 14:41:39+00:00,"b'3 thn sia2 buang waktu cuma bikin pastel, maen gaple, bikin sate\xf0\x9f\x99\x84 dosan juga makin meresahkan aja..terserah deh endingnya mau sama dalmi ya syukur, engga jga gpp #StartUpEp14 https://t.co/M5Vgea1hpy'"
255,2020-11-30 14:39:47+00:00,b'Aduh aku ga punya kekuatan dan hasrat untuk lanjut #StartUpEp14 \xf0\x9f\x98\xad\xf0\x9f\x98\x85'
256,2020-11-30 14:39:45+00:00,"b'WTS AJ 34 baru beli hari rabu, ukuran 9 atau 42,5, baru kepake sekaliii!! 1,9jt nego tipis, udah rugi, #wts #AirJordan #aj34 #jualalbumkpop #JakartaNakal #jakarta #StartUpEp14 #SAPAMANTAN #LingkunganTerjamin https://t.co/au8W7g16NM'"
257,2020-11-30 14:32:56+00:00,b'#TeamDosan #StartUpEp14 sampe akhir trobos  aja lah!!ngga mau tau dosani harus balikann\xf0\x9f\x98\xad https://t.co/nqyaewltAM'
258,2020-11-30 14:22:00+00:00,"b'Karena males dengan tim-timan, aku cuma mw bilang.. aku bangga pada In Jae! Sepertinya dia yang ngalamin progress menjadi lebih baik selama 3 tahun... \n\nYang laen? \nYang satu stuck ama masa lalu, yang satu mandeg, yang satu no action.  #StartUpEp14 #StartUp'"
259,2020-11-30 14:16:10+00:00,b'memang dari awal dalmi itu buat dosan trs jipyeong buat aku \xf0\x9f\x99\x88\xf0\x9f\x99\x88 #StartUp #StartUpEp14 https://t.co/mHd15vRtEa'
260,2020-11-30 14:05:20+00:00,b'glow up bukan maen bun\xf0\x9f\x99\x82\xe2\x9c\x8a\xf0\x9f\x8f\xbb #timjipyeong #JIPYEONGDESERVEBETTER #StartUpEp14 https://t.co/ucykos22cN'
261,2020-11-30 14:04:02+00:00,b'nah gini lah senang aku liatnya #StartUp #StartUpEp14 https://t.co/EzQ7mfHlr6'
262,2020-11-30 14:02:44+00:00,"b'Kalo w yang tidur sambil duduk begini, kayanya malah udah tikusruk alias nyungseb alias kejengkang duluan\xf0\x9f\x98\xad Gagal terharu di scane ini aaaaa~ #StartUpEp14 https://t.co/ckp6uISxHs'"
263,2020-11-30 13:56:59+00:00,b'now kita start tengok #Skycastle \n\n#StartUpEp14 \xe2\x9c\x85\n#TaleOfTheNineTailedEp14 \xe2\x9c\x85\n#ThePenthouseep9 \xe2\x9c\x85'
264,2020-11-30 13:54:46+00:00,"b'terlepas dari adanya beberapa plot hole tentang pak han yg cupu dan injae yang gatau kondisi neneknya, menurut w #StartUpEp14 oke banget kok. w merasa cukup terpuaskan. plot start-upnya udah balik lagi ke dunia perbisnisan, dan smua karakter tumbuh menjadi sosok yang profesional.'"
265,2020-11-30 13:54:04+00:00,b'Ini asli bikin #drakorclass ngakak bacanya dan lupa kekesalan ama #hanjipyeong yang gak ngapa-ngapain selama 3 tahun #StartUpEp13 #StartUpEp14 https://t.co/MzZ4s7wMCN'
266,2020-11-30 13:52:42+00:00,"b'Jd Pak Han, sabar ya. Ini yg salah writternim nya, masa 3thn diceritain ga ngapa2in pak? Jomblo trs, Ga masuk akal.. Perannya juga bingungin, Pak Han emang second lead tapi knp penonton dibikin simpati dulu sama dia. Kan jd bingung kita mu milih sapaa hahaaa #StartUpEp14'"
267,2020-11-30 13:51:47+00:00,"b'Tentang #StartUpEp14... ibarat kerupuk, mlempem udah. \xf0\x9f\xa5\xb1'"
268,2020-11-30 13:51:16+00:00,b'Kelar dong nonton #StartUpEp14 \xf0\x9f\x98\x82\xf0\x9f\x98\x82'
269,2020-11-30 13:45:44+00:00,b'Baru nonton #StartUpEp14 Dalmi ni kaya gamau kehilangan fans ya? Udah berapa kali Mr.Han bilang tentang perasaannya tp Dalmi cuma bengong terus yauda ga ditanggepin\xf0\x9f\x99\x83\xf0\x9f\x99\x83\xf0\x9f\x99\x83'
270,2020-11-30 13:39:46+00:00,b'mending aku dulu dibilang kayak rambut singa #StartUp #StartUpEp14 https://t.co/PIbGsAGoGL'
271,2020-11-30 13:36:19+00:00,b'Emang bner si makin sini eps start up jd fokus ke love line nya\xf0\x9f\x98\xa5 tp ku tetap bertahan demi Nam joo hyuk karena bagiku aktingnya tambah oke disini walaupun di drama ga ada tujuan jelas d bisnisnya kaya park saeroy:( #StartUpEp14'
272,2020-11-30 13:33:27+00:00,b'sakit paaak \xf0\x9f\x98\xad\xf0\x9f\x98\xad #StartUp #StartUpEp14 https://t.co/o8AUUXukHW'
273,2020-11-30 13:33:19+00:00,"b'""Seperti yang kau tahu, saat mendirikan perusahaan rintisan waktu sulitnya akan panjang. Dan satu-satunya hal yang bisa buat kau bertahan adalah rasa sukamu terhadap pekerjaan itu.""\n#HanJiPyeong to #KimYongSan\n\n#StartUp\n#StartUpEp14\n#StartUpEp13\n#GoodBoyKimSeonho'"
274,2020-11-30 13:21:01+00:00,"b'yaampun dlu awal episode dosan yg selalu ngelibatin hal pribadi, sekarang kebalikannya jipyeong lgi\xf0\x9f\xa4\xa3 APAA INI MISKAH??!!! #StartUpEp14 https://t.co/FOcLN0FmDl'"
275,2020-11-30 13:19:39+00:00,b'Baru akan lanjutin #StartUpEp14 nih\nApakah akan segemez eps kemarinnnnn????'
276,2020-11-30 13:17:36+00:00,"b'setelah liat #StartUpEp14 bener"" udah ga ada harapan lagii sihh #TeamJiPyeong yukk mundur pelan-pelan.'"
277,2020-11-30 13:17:35+00:00,"b'Okay, tanggap ko na #StartUpEp14'"
278,2020-11-30 13:16:49+00:00,b'Mon maap ini sepedanya dosan gimana nasibnya dah #StartUpEp14 https://t.co/AfSl2p9eC0'
279,2020-11-30 13:12:31+00:00,b'another 3 tahun nggatau apaapa\xf0\x9f\x92\x94\n#StartUpEp14 https://t.co/l4cIfG2oqd'
280,2020-11-30 13:12:22+00:00,b'Gue tim jipyeong tapi seneng aja liat scene ini \xf0\x9f\xa5\xba #StartUpEp14 https://t.co/2ysIchAgn8'
281,2020-11-30 13:08:00+00:00,b'Belum bisa mupon dari scene ini \n\n#NamDoSan #StartUpEp14 https://t.co/00iG3CajCf'
282,2020-11-30 13:06:47+00:00,b'terbawa emosi nonton #StartUpEp14 \xf0\x9f\x98\xad tiba2 jd benci bgt sama dalmi heu maap'
283,2020-11-30 12:59:10+00:00,b'Akhirnya baikaaan jugaaa. Dah ya jangan saling nyakitin lagi \xf0\x9f\x98\xad #StartUpEp14 https://t.co/Bs41VI6MxZ'
284,2020-11-30 12:58:19+00:00,"b'Setelah melihat karakter dosan aku jd berpikir bahwa, \n\nTidak perlu pengakuan dr banyak orang, satu orang saja cukup. Pengakuan, dorongan, dan dukungan dr satu orng itu yang justru bisa membuat kita bertahan dengan apa yg kita hadapi. \n\n#StartUp #NamDoSan #StartUpEp14 https://t.co/wOp2LZ74BX'"
285,2020-11-30 12:48:49+00:00,"b'Yang mau investasi p2p lending, daftar Asetku bisa pake kode referral: I5NHC\n\nNanti bakal dapet kupon tunai 100.000 yang bisa dicairin di pendanaan selanjutnya \xe2\x9c\xa8\n#StartUp #StartUpEp14'"
286,2020-11-30 12:48:16+00:00,"b'Sobat cuan kalo mau coba invest reksadana di bibit, pas daftar jangan lupa pake referral code:\n25rbcuan\nbiar pas top up dapet cashback\xe2\x9c\xa8\xe2\x9c\xa8\n#StartUp #StartUpEp14'"
287,2020-11-30 12:47:26+00:00,b'liat respon dalmi disini makin yakin jp deserves better. kesian goodboynya halmoni #StartUpEp14 https://t.co/QkmaBzI9Lo'
288,2020-11-30 12:44:34+00:00,b'Cari cowok kaya Pak Han ada yang jual di Tanah Abang gak ya?!? \n#StartUpEp14'
289,2020-11-30 12:44:09+00:00,b'#StartUpEp14 = 2 episodes left\xf0\x9f\x98\xa2\xf0\x9f\x98\xa2 cepet bgt'
290,2020-11-30 12:37:56+00:00,"b'Stlh 2 kali rerun eps 14 skr gue bahkan lebih yakin bahwa gak ada yang pantas mendapatkan Ji Pyeong, dia terlalu murni dan baik untuk dunia ini \xf0\x9f\x98\xad\xf0\x9f\x98\xad. Ayo Kita berikan dia seluruh alam semesta \xf0\x9f\xaa\x90\xf0\x9f\xaa\x90\nUrii...Ji pyeong gwenchana?\n#TeamJiPyeong #teamhanjipyeong #StartUpEp14  #StartUp https://t.co/BpegPBWaFf'"
291,2020-12-13 17:00:01+00:00,b'Next year could be decisive for the world \xf0\x9f\x8c\x8f. 2020 has taught us that we need to work together for a stronger response and show that we can build back better.\n\nJoin in. Be the change.'
292,2020-11-30 12:36:57+00:00,b'Yok bareng bareng yok: HHHAAAADDDDEEEEEEHHHHHH....\n\n#StartUpEp14'
293,2020-11-30 12:34:05+00:00,b'Dengan hanya memilih sebagai tim Han Ji-pyeong tanpa disadari kita sudah belajar mencintai dengan ketulusan. \n#StartUpEp14'
294,2020-11-30 12:33:43+00:00,b'Dikona kailangan iwasan fb. Done #StartUpEp13 and #StartUpEp14\n\xe2\x9d\xa4\xef\xb8\x8f\xe2\x9d\xa4\xef\xb8\x8f\xe2\x9d\xa4\xef\xb8\x8f\xe2\x9d\xa4\xef\xb8\x8f\xe2\x9d\xa4\xef\xb8\x8f\xe2\x9d\xa4\xef\xb8\x8f\xe2\x9d\xa4\xef\xb8\x8f\xe2\x9d\xa4\xef\xb8\x8f\xe2\x9d\xa4\xef\xb8\x8f\xe2\x9d\xa4\xef\xb8\x8f'
295,2020-11-30 12:33:41+00:00,"b""Romance nya kentel banget, feel bisnisnya hampir pudar karna hampir se-episode cinta2 mulu njir. Padahal awalnya superior banget dramanya:') #StartUpEp14"""
296,2020-11-30 12:33:40+00:00,b'#StartUpEp14   gw tim jipyeong yang dukung dosan-dalmi karna jipyeong just too perfect for dalmi.\nDodal cocok krna sama\xc2\xb2 labil dan bucin ny smpe ke kelas yg tidak realistis.\nTapi liat plot twist ini koo yaa ngakaak berasa sinetron indo kali yak\xf0\x9f\x98\xad https://t.co/xDAgMrgMXO'
297,2020-11-30 12:33:09+00:00,b'Jadi sambil nunggu start-up aku harus nonton apa?\xf0\x9f\xa5\xba #StartUpEp14'
298,2020-11-30 12:32:52+00:00,b'Cekek aku CEKEKK #StartUpEp14 https://t.co/LAlwq79R3i'
299,2020-11-30 12:32:03+00:00,b'sumpah gue salting bgt bgst\xf0\x9f\x98\xad\xf0\x9f\x98\xad\xf0\x9f\x98\xad gua doin ya kali ini teh suzzy cinlok dah sama njh gapapa kali kali teh ih \xf0\x9f\x98\xad\xf0\x9f\x98\xad\xf0\x9f\x98\xad\xf0\x9f\x98\x8d\xf0\x9f\x98\x8d\xf0\x9f\x98\x8d\xe2\x9d\xa4\xef\xb8\x8f\xe2\x9d\xa4\xef\xb8\x8f\xe2\x9d\xa4\xef\xb8\x8f\xe2\x9d\xa4\xef\xb8\x8f #Suzy #NamJooHyuk #StartUpEp14 \ncr : ulma (on ig) ish susah ditag bunn disini \xf0\x9f\x98\x82 https://t.co/vOvd8IYgQZ'
300,2020-11-30 12:29:46+00:00,b'dosan tajir dikit hatiku tergerak.\nemang dasarnya aku matre aja sih. #StartUpEp14'
301,2020-11-30 12:22:04+00:00,"b'Eps 14 so sweet banget siiiy \xe2\x9d\xa4\xef\xb8\x8f\n\nKata ibunya Do San: \nKalau Dal Mi datang, rasa sukanya 30%. Kalau sampe nyusulin Do San, jadi 50%. Kalau tetap pergi nyusulin meski jauh dan berbahaya, 70%. Kalau mereka pulang bersama, fix 100% \xf0\x9f\xa4\xa3\xf0\x9f\x91\x8d\xf0\x9f\x98\x8d\n\n#TeamDoSan #StartUp #StartUpEp14\n\xf0\x9f\x98\x9b\xf0\x9f\xa4\xad https://t.co/xf1XUX0yjn'"
302,2020-11-30 12:20:21+00:00,b'Ketika tahu #StartUp tinggal 2 episode \xf0\x9f\x98\x9f\n.\n#SeoDalmi mewakili perasaanku setelah nonton #StartUpEp14 https://t.co/CGYVMUWmYd'
303,2020-11-30 12:16:54+00:00,b'Memang in-jae juaranya #StartUpEp14'
304,2020-11-30 12:14:19+00:00,b'Ternyata fitur ini dibuat untuk orang2 yg suka ngeskip scene dosan-dalmi #StartUpEp14 terima kasih netflix https://t.co/b0LfwAfliS'
305,2020-11-30 12:13:54+00:00,b'Gimana ceritanya Injae jadi orang yang terakhir tahu keadaan Halmeoni\xf0\x9f\x98\xad\xf0\x9f\x98\xad\nDalmi Dalmi lu tiap hari kerja bareng Injae napa gak cerita?!?! Halmeoni lagian dah lupa kali ya punya cucu Injae\n\n#StartUpEp14 https://t.co/YmARnWVZri'
306,2020-11-30 12:13:26+00:00,b'Masaket na talaga!! \xf0\x9f\x98\xad\xf0\x9f\x98\xad\xf0\x9f\x98\xad #HanJipyeong #Dalmi #StartUpEp14 https://t.co/8wuvlk4n1h'
307,2020-11-30 12:12:01+00:00,"b'#StartUpEp14 baru di menit 30 tapi udah ga suka sama ceritanya, ketebak sih bakal kaya gimana.'"
308,2020-11-30 12:11:31+00:00,"b'So i spoke too soon. Rupanya episod 13 je yang bosan. Episod 14 banyak scene selain dalmi dosan. Suka scene in jae, yong san and of course ji pyeong. Kenapa la ji pyeong to good boy sangat. Ada ke laki baik macam dia kat dunia ni hahaha #StartUpEp14'"
309,2020-11-30 12:06:55+00:00,b'Yang belum ikut ga juga sekarang terakhir!! Besok bakal diumumin pemenangnya. Yuk ikutan\xf0\x9f\xa4\x97 #StartUpEp14 #StartUpEp13 #StartUp https://t.co/KfRxWZyJlC'
310,2020-11-30 11:57:32+00:00,b'Sampe belom nonton #StartUpEp14 \xf0\x9f\x99\x84'
311,2020-11-30 11:47:11+00:00,"b'Sungguh tidak bisa dimengerti.\n\xe2\x9c\xa8Dosan, punya orang tua yg baik, 2 teman baik, dan mendapatkan Seo Dalmi.\n\xe2\x9c\xa8Jipyeong, tidak punya orang tua namun punya nenek Dalmi, tidak punya teman baik.\n\nPada akhirnya pun Jipyeong yang harus merelakan Seo Dalmi. \xf0\x9f\x99\x82\xf0\x9f\x92\x94\n#StartUpEp14 https://t.co/kMiN6Ma2FI'"
312,2020-11-30 11:47:05+00:00,b'Ganteng Mapan Cerdas GoodBoy Realitis aja sebagai cewek pasti milih Pak Han Jipyeong \xf0\x9f\x98\x8d #TeamJiPyeong  #KimSeonHo #StartUpEp14 https://t.co/mM1EOsorgi'
313,2020-11-30 11:45:46+00:00,b'Cocok ya hyung\xf0\x9f\x98\x8d\n#StartUpEp14 https://t.co/e9FnLgCUIF'
314,2020-11-30 11:44:28+00:00,b'Perannya nam joo hyuk di the light in your eyes ini berbanding terbalik sekali sama di startup \xf0\x9f\x99\x82\xf0\x9f\x99\x82 #StartUpEp14'
315,2020-11-30 11:42:38+00:00,b'Nam dosan ok sekarang team nam dosan kemaren han ji-pyeong gegaran eps 13 wkwkw. Eps 14 kukira bawang tenyata happy uhuhuh meskipun ada bawang nya jga wkwkwk... \n#StartUpEp14 #StartUpEp13'
316,2020-11-30 11:41:44+00:00,b'Gag ada gitu team ChulsanXSaha bosanlah liatnya #TeamDosan #TeamGoodBoy #teamDalmi #teaminjae doang. Kami suka yang berbeda. Wkwk. #StartUpEp14 #StartUp'
317,2020-11-30 11:26:18+00:00,"b'Selalu skip part female &amp; male lead tapi selalu repeat partnya Jipyeong sama Halmoni, bahkan saat mereka tertawa gue bawaanya mau nangis\xf0\x9f\xa5\xba. Selebay itu liat kebersamaan mereka \xf0\x9f\x98\x86\n#StartUpEp14 #KimSeonHo #HanJiPyeong #HanJiPyeongTeam https://t.co/3vHZNcxY2K'"
318,2020-11-30 11:25:21+00:00,b'bagi yang gasuka sama Do San dengan alasan dia memanfaatkan keadaan untuk mendekati Dal Mi.. belum tau aja manipulatifnya si Ji Pyeong pake ngaku2 jadian padahal belom. like seriously??\n\nkalau km yg ga bisa maju jangan bikin orang lain harus mundur dong #StartUpEp14'
319,2020-11-30 11:24:21+00:00,b'Kalian juga samanya gaksih kaya gue? setuju gak kalo mereka MIRIIPP!!? #StartUpEp14 #StartUp #HanJiPyeong #HanJiPyeongTeam https://t.co/smXPHVKbgQ'
320,2020-11-30 11:20:56+00:00,"b'In Jae di eps 14 cantik banget, suka banget.\nJadi sesayang itu sama dia. \nScene ketemu Halmoeni juga dpt banget. \nUhh, gak nyangka di akhir2 episode bakal jatuh kepelukan In Jae.\nudah dont care sama NDS / HJP, pengin In Jae dpt happy ending aja pokoknya. \n#StartUp #StartUpEp14 https://t.co/1rICjIy0J9'"
321,2020-11-30 11:18:52+00:00,"b'Yg ku suka dari han jipyeong tuh gini, dia selalu mengesampingkan perasaan pribadi dalam pekerjaan \xf0\x9f\x91\x8f\xf0\x9f\x91\x8f \n#StartUpEp14 https://t.co/OWFg6iH0KI'"
322,2020-11-30 11:18:30+00:00,b'Seneng bgt ngeliat injae sama dalmi ky gini &lt;33\n#StartUp \n#StartUpEp14 https://t.co/uubSPhgaKK'
323,2020-11-30 11:18:01+00:00,b'Won Injae \xe2\x9d\x8c\nSeo Injae \xe2\x9c\x85\n#StartUp \n#StartUpEp14 https://t.co/y6rMCW48yo'
324,2020-11-30 11:17:43+00:00,b'Sedih banget anjir pas dosan blg gini\n#StartUp \n#StartUpEp14 https://t.co/pMBatn1Mxq'
325,2020-11-30 11:17:27+00:00,"b'Seo Dalmi, Seo Injae uhuyyy\n#StartUp \n#StartUpEp14 https://t.co/gz069GfGTm'"
326,2020-11-30 11:17:03+00:00,b'Samsan\xf0\x9f\x98\x8d\n#StartUp \n#StartUpEp14 https://t.co/5X8D1KPRmH'
327,2020-11-30 11:16:00+00:00,b'#StartUpEp14 \n\nAku tetep tim lee min ho. \nAyo lee min hoo nikah sama ainggg \xf0\x9f\x98\xad https://t.co/dGcmifdka1'
328,2020-11-30 11:07:59+00:00,b'Makin kesel sm Han Ji Pyeong ga sii!!?? #TeamDosan #StartUpEp14'
329,2020-11-30 11:03:25+00:00,b'Kalo kamu #TimDoSan silakan baca ini #StartUpEp14 \n\nhttps://t.co/onakuriRRh'
330,2020-11-30 11:00:34+00:00,b'UPGRADE!! Versi Merdu + BGM \xf0\x9f\x98\x82\n#TeamJiPyeong NATIONAL ANTHEM + Lyric \n\nBantu UP buat #TeamJiPyeong kita nyanyi sama-sama menjelang akhir besok \xf0\x9f\x92\x83\xf0\x9f\x98\x8d\n\n#TeamJiPyeong legowo \xf0\x9f\xa4\xad\n*) Btw penyanyinya beda sama yg versi helium yak \xf0\x9f\xa4\xa3\n\n#StartUp #StartUpEp14 #KimSeonHo #Suzy\n#\xea\xb9\x80\xec\x84\xa0\xed\x98\xb8 https://t.co/Vei5hgcdMq'
331,2020-11-30 10:58:40+00:00,b'Apalah aku yang #School2017 dibanding kamu yang #StartUpEp14'
332,2020-11-30 10:57:01+00:00,b'Yuk yang belum ikutan #Kuis nya langsung aja pilih kamu #TeamJiPyeong atau #TeamDosan. Saldo OVO menantimu \xf0\x9f\x91\x87\n\n#Kuis #Quiz #KuisHunter #QuizHunter #StartUpEp14 #StartUpEp13 #ENHYPEN_DEBUT #GOT7_YouAreOurLastPiece #GivenTakenIsOutNow #TOMORROW_X_TOGETHER https://t.co/7wPkwQ4QLj'
333,2020-11-30 10:53:12+00:00,b'saha and chulsan &lt;333333333333 #StartUpEp14 #StartUp'
334,2020-11-30 10:53:05+00:00,b'@NovitaPuspita19 Mantap nih! Semoga beruntung ya kak \xf0\x9f\x98\x89\n\nYuk yang belum ikutan #Kuisnya! Hadiahnya saldo OVO lho \xf0\x9f\x91\x87\n\nhttps://t.co/NJln8AC1Gz\n\n#StartUpEp14 #TeamJiPyeong #TeamDoSan #StartUp #TOMORROW_X_TOGETHER #weareoneEXO  #BhinnekaQuiz'
335,2020-11-30 10:50:07+00:00,b'Ini mah bukan #TeamDosan  lagi..\nTapi Udah #TeamNamJoohyuk\nAaaarrghh Johyuk-Suzy sweet couple in the world \xf0\x9f\x92\x95\xf0\x9f\x92\x95\nDodal couple end game!!\n\nManis banget kan mereka berdua?! \nChemistry dibelakang kamera lebih sweet ternyata..\n#StartUpEp14 https://t.co/5meR1CDTSY'
336,2020-11-30 10:28:37+00:00,"b'KALIAN BALIKAN AJA YA, YA? HEHE\nAku sukanya liat kalian jadi swag couple\xf0\x9f\xa4\xaa\nBALIKAN AJA YAAAA WWKWKW\n#StartUp #StartUpEp14 #TeamJiPyeong https://t.co/fjwXNIGrKI'"
337,2020-11-30 10:26:50+00:00,"b'Ok dah tengok #StartUpEp14 , power la Ji Pyeong ni, so professional'"
338,2020-11-30 10:22:40+00:00,b'Perkara drama #StartUpEp14 #StartUp aja kudu dianalisis yaaa buat nentuin tim mana \xf0\x9f\xa4\xa3\xf0\x9f\xa4\xa3\xf0\x9f\xa4\xa3 @ikhda_bree https://t.co/vv9jgK5Wcv'
339,2020-11-30 10:14:54+00:00,b'aaaa gemesh bgttt joohyuk sm suzzy bilang dodal couple aigooo \xf0\x9f\x98\xad\xf0\x9f\x98\xad\xf0\x9f\x98\x8d\xf0\x9f\x98\x8d thanks soop \xe2\x9d\xa4\xef\xb8\x8f\xe2\x9d\xa4\xef\xb8\x8f\xe2\x9d\xa4\xef\xb8\x8f\xf0\x9f\xa5\xba #StartUpEp14 https://t.co/32WojOKWyH'
340,2020-11-30 10:14:45+00:00,"b'Aku team happy ending \xf0\x9f\x98\x8c\nSemoga eps minggu depan happy ending dosan sama dalmi dan pak han jipyeong sama gue aja biar gak sad boy (""canda"")\xf0\x9f\x98\xad\n#StartUpEp14 https://t.co/bfxp4ZpTfK'"
341,2020-11-30 10:14:39+00:00,b'Gue saranin keknya dalmi perlu shalat istikharah deh.\n\n#HanJiPyeong \n#NamDoSan \n#SeoDalmi \n#StartUpEp14'
342,2020-11-30 10:06:34+00:00,"b'Fix gw tim dosan garis keras \xf0\x9f\x94\xa5\nYa Allah demen bgt gw ngeliat dosan \xf0\x9f\x98\xad\xf0\x9f\x98\xad si dalmi yg digendong, gw yg senyum2 wkwkwk\n#StartUpEp14 https://t.co/PvVlO1xUE4'"
343,2020-11-30 10:03:59+00:00,"b'Nonton #StartUpEp14 di kantor kondisi dah ga kondusif, meyakinkan diri jangan nangis-jangan nangis lah masih aja netes, untung cuma netes aja ga sampe ingusan \xf0\x9f\x98\x8c'"
344,2020-11-30 10:03:07+00:00,b'Writer-nim jehong bgttt #StartUpEp14 \nKarunya iih Jipyeong \xf0\x9f\x98\xad'
345,2020-11-30 09:58:56+00:00,"b'Lah gw kira becanda, tapi mon maap gw gamasuk, gw team nam do san wkwk #StartUp\n#StartUpEp13 #StartUpEp14\n#\xe0\xb8\x99\xe0\xb8\xb1\xe0\xb9\x89\xe0\xb8\x99\xe0\xb8\x99\xe0\xb8\xb2\xe0\xb8\xad\xe0\xb8\xad\xe0\xb8\x99\xe0\xb8\x97\xe0\xb8\xb1\xe0\xb8\xa7\xe0\xb8\xa3\xe0\xb9\x8c https://t.co/sWRLC9VhH0'"
346,2020-11-30 09:58:04+00:00,"b'Dalam dunia kerja, harus bisa mengesampingkan urusan atau perasaan pribadi. Kita harus bersikap profesional.\nGood boy Han Jipyeong\xe2\x9d\xa4\n#TeamJiPyeong\n#StartUpEp14 https://t.co/jRjsVRtFCS'"
347,2020-11-30 09:56:48+00:00,b'Teruntuk Dalmi : \nAku sebagai team Jipyeong sangat sad pada secondlead ini :(\n#StartUpEp14 https://t.co/T80MYahmPo'
348,2020-11-30 09:55:25+00:00,b'Relate banget sm yg sdg aku alami\xf0\x9f\xa6\x81 #StartUpEp14 #TimNamDosan #dodalcouple https://t.co/l9tu232wii'
349,2020-11-30 09:54:56+00:00,b'Dan sebenarnya apa yang dibicarakan dalam drama startup bener. Jangan sampe bawa-bawa masalah pribadi kedalam dunia kerja atau dunia bisnis terlebih didalam organisasi. Karena sama aja dengan orang yang ga profesional tidak mengedepankan aspek efektifitas pekerjaan #StartUpEp14'
350,2020-11-30 09:54:54+00:00,"b'Ada salutnya nonton #StartUpEp14, pelajarannya apapun permasalahan pribadi mu harus kalah sama profesionalitas pekerjaan. Bagaimana mengesampingkan perasaan emosional untuk kesuksesan karir.'"
351,2020-11-30 09:52:33+00:00,"b'jembatan #StartUpEp14 sama kayak jembatan Its Ok To Be Not Ok, memang jembatan pemersatu nih https://t.co/z3x3xeIHk2'"
352,2020-11-30 09:49:15+00:00,b'Paling ga ngerti deh di kdrama tu kenapa tokoh antagonis yg punya power selalu diikutin bawahannya tiap jalan kemana2??? Mangnya pada ga kerja itu? Udah mana pada baris rapi bener kaya mau ngibarin bendera. Esensinya apa yeorobun?? \xf0\x9f\xa4\xb7\xe2\x80\x8d\xe2\x99\x80\xef\xb8\x8f\n#StartUpEp14 https://t.co/eJ0AWdXePe'
353,2020-11-30 09:45:14+00:00,"b'Wahai ciwi2 Jika kalian menjadi Seo dal mi, siapa yg bakal kalian pilih :\n1.han ji pyeong\n2.nam do san\n3. Tidak keduanya\n\n#StartUpEp14 \n#StartUp'"
354,2020-11-30 09:43:28+00:00,b'aku jatuh cinta setiap kali aku lihat Dia senyum.\xf0\x9f\x98\x8a\ntuhan tolong aku.aku cinta Dia.\xf0\x9f\x98\x81\n#hanjinpyeong\n#StartUpEp14 https://t.co/UrEGBC0hAJ'
355,2020-11-30 09:42:32+00:00,b'Di ko gets kung bakit andaming fans ni Han Ji Pyeong. Napakasinungaling nya kaya! #StartUpEp14 #TeamDosan \xf0\x9f\x98\x82'
356,2020-11-30 09:41:56+00:00,b'ASTAGA WOI APA NIH YANG DILIHAT NAM DOSAN TERNYATA POCONG?\n\n#StartUpEp14 #startup2020 https://t.co/baZTcaB6r7'
357,2020-11-30 09:40:00+00:00,b'Mau di upgrade versi merdu + lirik + BGM \xf0\x9f\x98\x86\xf0\x9f\xa4\x9f\n\n#TeamJiPyeong bantu naikin yak \xf0\x9f\x98\x8d\n\n#StartUpEp14 #StartUp #KimSeonHo #Suzy'
358,2020-11-30 09:40:00+00:00,"b'Sejak awal memilih 2nd lead adalah patah hati yg disengaja. Dari pak Han kita belajar jgan jd pelangi untuk orang yg buta warna! Salut jg dia masih jd mentor yg baik, bedain bisnis dan pribadi. This man deserve at all. Dgn ini saya sbg tim Han Jipyeong undur diri #StartUpEp14'"
359,2020-11-30 09:36:35+00:00,"b'gue bingung dah si dalmi sama jipyong dari episode satu juga gada perasaan gemes gemesnya gada dialog dalem ampe bikin gemes pegangan tangan engga, brantem gemes juga engga dikasih tiga tahun cuma main gaplek masih aja lo ngarep akhirnya sama di jipyong\xf0\x9f\xa4\xa7 #StartUpEp14'"
360,2020-11-30 09:25:31+00:00,b'APA INI MISKAHH??!! #StartUpEp14 https://t.co/n2cubOIt2k'
361,2020-11-30 09:21:33+00:00,"b'#StartUpEp14 dari ep 1 dah tim jidal tp serius gaboong ep ini gue hampir oleng (atau udah?) ke tim dodal. kalo jipyeong mah gue masih tetep paling sayang. sejak part dalmi nyusul dosan, i was like dahlah dodal endgame aja'"
362,2020-11-30 09:17:56+00:00,"b'Di Korea lebih keras ya bun, SLS nya..\nWriternya sudah mulai mikir keras kepanasan..\n\n#teamhanjipyeong #TeamJiPyong #StartUp #StartUpEp13 #StartUpEp14 https://t.co/Hhz8dq9CYm'"
363,2020-12-13 17:00:01+00:00,b'Next year could be decisive for the world \xf0\x9f\x8c\x8f. 2020 has taught us that we need to work together for a stronger response and show that we can build back better.\n\nJoin in. Be the change.'
364,2020-11-30 09:17:42+00:00,b'Lee SungKyung cameo for Han JiPyeong love interest hehehehe HAHAHAHA \n\n#StartUpEp14'
365,2020-11-30 09:13:45+00:00,"b'Kalau awak tahu kepada semua jawapan itu, awak mungkin tak perlu dengar kritikan saya.\n@jipyeong_ #StartUpEp14 #StartUp'"
366,2020-11-30 09:13:43+00:00,"b'Nasihat hebat @jipyeong_  \xe2\x80\x9c\nApa niat awak mulakan perniagaan? Untuk bina syarikat ataupun program? Kalau awak rasa gembira selepas buat program sendiri, awak boleh jadi programmer di syarikat yang hebat.\xe2\x80\x9d\n#StartUpEp14 #startup'"
367,2020-11-30 09:12:50+00:00,b'Kenapa mudah sekali kamu melupakanku?\n\n#StartUpEp14 https://t.co/L6v7n27NeV'
368,2020-11-30 09:10:51+00:00,"b'Gua tunggu jawaban lu minggu depan dalmi, moga aje jawaban lu yg gua harepin udh nunggu seminggu ye kan\n\n#StartUpEp14'"
369,2020-11-30 09:01:54+00:00,"b'Aku udh bodoamat sama Dalmi mau pilih Dosan atau Jipyeong, yg penting mingdep Chulsan-Saha hrs jadian gamau tau wkwkwkw #StartUpEp14'"
370,2020-11-30 08:55:02+00:00,b'Gue malah abis nonton eps 13 dan 14 kok kasihan sama si dalmi nya ya. Kayanya cobaan datengnya ke dia terus gitu huhu poor seo dalmi :(\n\n#StartUpEp14 #StartUpEp13 #StartUp'
371,2020-11-30 08:53:49+00:00,"b'Dalam keadaan itu, dia msih bisa bersikap lembut dong.. but Sorry to say, andaikan mulut nya jipyeong bisa gue pinjem... maka ini yg akan gw katakan.. \n\n#StartUpEp14 #StartUp #Jipyeong #JIPYEONGDESERVEBETTER https://t.co/CxsfHooN5V'"
372,2020-11-30 08:53:47+00:00,b'Mau ngumpulin orang yg emosi di scene ini lah..\n\n#StartUpEp14 #SeoDalmi #Jipyeong #JIPYEONGDESERVEBETTER https://t.co/UnekLSiwhI'
373,2020-11-30 08:53:40+00:00,b'Gue harap ini bisa berguna buat lo karena gak ada kata terlambat buat melakukan hal-hal baik setiap harinya.\n#HidupSeutuhnya\n\n#StartUpEp14'
374,2020-11-30 08:47:32+00:00,b'Permisi kak\xf0\x9f\x92\x96 #reply1988 #hospitalplaylist #StartUpEp14 #StartUpEp13 #StartUp https://t.co/ysmemw1dKA'
375,2020-11-30 08:38:57+00:00,b'Apa cuma aku yg belum berani nonton eps 13-14 gegara spoilernya tydak sesuai ekspetasiku wkwkwk #StartUpEp14'
376,2020-11-30 08:37:52+00:00,b'Drama #StartUp  ni inspired budak coding ngan business nak belaja betul betul.. #StartUpEp14'
377,2020-11-30 08:32:43+00:00,b'Ang ganda ng #StartUpEp14 \xf0\x9f\x91\x8f\xf0\x9f\x8f\xbb\xf0\x9f\x91\x8f\xf0\x9f\x8f\xbb\xf0\x9f\x91\x8f\xf0\x9f\x8f\xbb'
378,2020-11-30 08:32:30+00:00,b'#TeamDosan pa din malakas sa #StartUpEp14 \xf0\x9f\x98\x9d'
379,2020-11-30 08:32:27+00:00,b'Ketika IPOT @indopremier bisa buat beli saham Start-Up yang listing di BEI be like. Coba tebak ya \xf0\x9f\x98\x81\n(CORN cluenya : anak usahanya Injae)\n#StartUpEp14 #StartUp https://t.co/pbzgHJg6JY'
380,2020-11-30 08:32:18+00:00,b'pindah kapal aja aku \xf0\x9f\x98\x94\xf0\x9f\x94\xab\n#StartUpEp14 https://t.co/7LVFppkMP1'
381,2020-11-30 08:31:37+00:00,b'Jadi CEO jalur hompipah alaihom gambreng\xf0\x9f\x98\x82 #StartUpEp14 https://t.co/FfD2QY0Jr2'
382,2020-11-30 08:27:57+00:00,b'Bukan #TeamJipyeong ato #TeamDosan tapi lebih ke tim jipyeong berhak bahagia.\nNgenes bet idupnyaa writter nim ada dendam apasi sama jipyeong\xf0\x9f\x98\xad #StartUpEp14'
383,2020-11-30 08:27:39+00:00,b'Start up Minggu ini kelar.. tolong kasih penghargaan war drama ter luar biasa sepnjang sejarah perdrakoran...  \xf0\x9f\x98\x82 #StartUpEp14'
384,2020-11-30 08:24:22+00:00,b'Mau ngumpulin pak Han stan lagi~ #StartUpEp14 hayolooo paktanya~ pak han dapat hati masyarakat!! Awokwok @evievieevie @neokanndes https://t.co/KXkxrWcAB3'
385,2020-11-30 08:22:46+00:00,b'Walaupun mustahil aku tetap padamu mas\n#StartUpEp14 \n#teamhanjipyeong https://t.co/yRBNWaiz8f'
386,2020-11-30 08:13:19+00:00,b'Happy ending mulai terdeteksi #StartUpEp14 \xf0\x9f\xa4\xad'
387,2020-11-30 08:09:41+00:00,b'Dan satusatunya hal yang bisa buatmu bertahan adalah rasa sukamu terhadap pekerjaan itu - Ji Pyeong\n\n#StartUpEp14'
388,2020-11-30 08:07:58+00:00,b'Memang tidak ditakdirkan untuk bersama...\n\n#startup #StartUpEp13 #StartUpEp14 https://t.co/jSabghcBkG'
389,2020-11-30 08:01:49+00:00,"b'Biar JP nggak kesepian, biar JP sadar ternyata ada yg merhatiin dia yaitu IJ, cuek2 tp perhatian. duh writernim seharusnya diskusi dulu sama gue sebelum bikin cerita. #StartUpEp14'"
390,2020-11-30 07:57:05+00:00,b'Ji Pyeong x Dal Mi #StartUpEp14'
391,2020-11-30 07:56:06+00:00,"b'yg liyat influencer pada kesel sama DALMI ya wajar ya either mereka seru seruan tapi mereka dari pov sebagai sesama wanita. beropini boleh, kritik apalagi!. Yg penting kiya bisa bedain ya mana DALMI mana SUZY! \xf0\x9f\x98\x8a\xe2\x9d\xa4\xef\xb8\x8f #StartUpEp14'"
392,2020-11-30 07:48:53+00:00,b'Sekali good boy tetap good boy! 2 episode lagi ya pak.. hwaiting!! Mentor of the year as Hansangmu nim as Kim Seonho\xe2\x9a\x98\xf0\x9f\x92\x96 #StartUpEp14 #HanJiPyeong #GoodBoyKimSeonho https://t.co/4uYO8OMwhF'
393,2020-11-30 07:48:07+00:00,b'Mau berusaha lupa kaya gimna juga kalo dihatinya masih sayang bisa apa:) \n#StartUpEp14 https://t.co/z9qPOKSJud'
394,2020-11-30 07:47:13+00:00,b'Panalo na ang Team Do-San \xf0\x9f\x99\x84 HAHAHAHAHAHA #StartUpEp14'
395,2020-11-30 07:45:57+00:00,b'PEMERKOSAAN SADIS DIHOTEL\n#pemerkosaan #perkosa #sangeberat #BeritaTerkini #beritaViral #hypebeast #sange #kontolin #SANGE_AAAAAAAAAAH #StartUpEp14 https://t.co/B7JXAxcC5I'
396,2020-11-30 07:45:37+00:00,b'Tapi tetep sih buat episode 14 tetep tim jipyeong\xf0\x9f\x92\x94 #StartUpEp14'
397,2020-11-30 07:44:41+00:00,"b'Baru liat #StartUpEp14 , kandung tetaplah kandung seneng banget liat duo sister ini kerja sama lagi, diskusi lagi, barengan lagi \xf0\x9f\xa5\xb0\xf0\x9f\xa5\xb0'"
398,2020-11-30 07:38:37+00:00,b'Emaknya Dosan bisa nih buka klinik konsultasi masalah percintaan dengan teori pendekatan 30-50-70.\n\n#StartUpEp14'
399,2020-11-30 07:31:33+00:00,b'btw minggu ini udah tamat aaaa bakal hampa #StartUpEp14 https://t.co/U5pg9WhU8l'
400,2020-11-30 07:27:37+00:00,"b'Yth. Direktur Han Ji Pyeong\n\nTerimakasih sudah hadir, melewati masa-masa sulit bersama kami #TeamJiPyong\nSemoga kami juga bisa belajar dewasa dalam menghadapi segala hal, sepertimu.\nSenang bisa mengenalmu, Pak Han. Semoga kau bisa bahagia \xf0\x9f\x98\xad\xe2\x99\xa5\xef\xb8\x8f\n#StartUpEp14 \n#StartUp\n#SeonhoHada https://t.co/xvXU9jMvEv'"
401,2020-11-30 07:25:54+00:00,"b'OMG #HanJiPyeong senyumnya lumer banget, gue pengen pingsan rasanya\xf0\x9f\xa4\xaa\xf0\x9f\xa4\xad\n.\n#StartUp #StartUpEp14\n#KimSeonHo  #TeamJiPyeong \n#teamhanjipyeong  #HanJiPyeongTeam https://t.co/QWtZ6YUlEQ'"
402,2020-11-30 07:25:49+00:00,b'Setiap kali aku tengok drama korea best2 mesti aku cari Soundtrack dia juga. #StartUpEp14 https://t.co/PnlQr7avxQ'
403,2020-11-30 07:23:43+00:00,"b'Suka banget pas scene yg ini, Ji Pyeong keliatan profesional banget dahhhh,, kerennnn\xf0\x9f\x98\xad\xf0\x9f\x98\xad\xf0\x9f\x98\xad\xf0\x9f\x98\xad\xf0\x9f\x98\xad\xf0\x9f\x98\xad\xf0\x9f\x98\xad\n#StartUpEp14 https://t.co/07ZnG7VVy3'"
404,2020-11-30 07:22:35+00:00,b'Drama Korea ni kebanyakannya mmg sejenis sweet ke. Kenot ahh camni dia kan mcm sambil tngok tu pastu terbayang nak moment mcm tu jugak faham tak ? #StartUpEp14'
405,2020-11-30 07:17:34+00:00,b'yang kayak begini kok dalmi bisa bisanya ga kepincut\xf0\x9f\x99\x82\xf0\x9f\x99\x8f#StartUpEp14 https://t.co/euBkK2jQim'
406,2020-11-30 07:13:59+00:00,b'JIPYEONG KM KNP SOF BGT SI OMGSKDBEKWIKEHEKWKWBSVDGAIJD \n#StartUpEp14'
407,2020-11-30 07:12:40+00:00,b'Emang #hanjipyong gentleman dah #StartUpEp14 https://t.co/KmfEXQet1y'
408,2020-11-30 07:08:44+00:00,b'Skrng gue sadar. Emang susah milih diantara mereka berdua. Masing2 pnya karakter yg kuat yg pasti bikin hati para girls meleleh kalo jadi dalmi. Jujur sampe mau tamat gue masih bingung mau berpihak ke siapa. Meresahkan ya bund\xf0\x9f\x99\x83\n\nP.S. Big Hand or Good Boy\n\n#StartUp #StartUpEp14 https://t.co/CRtXedH79D'
409,2020-11-30 07:05:27+00:00,b'Ka au ring lutuk \xf0\x9f\x98\x8a\xf0\x9f\x92\x96nuam thei thruai2 emmai #StartUpEp14 https://t.co/cT7uYMiJ9a'
410,2020-11-30 07:04:39+00:00,"b'Setelah nonton #StartUpEp14 satu kata ""BADUT"" \xf0\x9f\x98\x82 Anjir aku dibadutin dahlah ga percaya preview akutuh,  pasti dibadutin lagi. Padahal udah suudzon duluan ke jipyeong wkwk ternyata writernim memang berpihak padanya tapi tidak untuk urusan cinta, inilah takdir secondlead :)'"
411,2020-11-30 06:56:41+00:00,b'Team han ji pyeong #StartUpEp14 #StartUp #TeamJiPyeong #Jipyeong #secondleadsyndrome https://t.co/Geys9bf180'
412,2020-11-30 06:52:44+00:00,"b'Eh Dalmi, pas dikolong meja lu gada rasa2 pengen peluk dia gitu? Atau elus2 pipinya dikit gitu? Ga normal anjim\n\n#StartUpEp14 #TeamJiPyeong #DosanCeurikWae https://t.co/6EQ0puHKcv'"
413,2020-11-30 06:49:55+00:00,b'Ibu gw the real #TeamDosan \xf0\x9f\x98\x82 ibu setelah liat #StartUpEp14 belike: merasa menjadi cenayang~ https://t.co/CMqZ1KE58K'
414,2020-11-30 06:46:58+00:00,"b'Ada yg di namakan Pidato Elevator artinya, saat bertemu dgn orng yg harus dyakinkan d lift, kau harus meyakinkan dlm 1 menit dgn presentasi yg singkat dan jelas. Inti perkataan itu adlah tak butuh waktu lma utk mngubah hati sseorang. 1 menit ckup untuk itu.\n#StartUpEp14 #StartUp'"
415,2020-11-30 06:45:42+00:00,b'Ngarepnya di scene ini percakapannya begitu.. secara 3 tahun hlooo masak kemajuannya cuman sekedar maen gaplek doang ma keluarga dalmi.. elaahh writernim \xf0\x9f\xa4\xa6\xf0\x9f\xa4\xa6 #StartUpEp14 https://t.co/2K0H81JSRu'
416,2020-11-30 06:45:30+00:00,"b'Star Up ep14\n"" Tahu bedanya Han dan Do san "" untuk orang yang disayangi jangan tunggu dia menghubungi ketika kesulitan tetapi selalu tanyakan apakah dia dalam kesulitan, maka dia akan menjadikanmu orang yang pertama dia ingat.\n#StartUp #StartUpEp14'"
417,2020-11-30 06:44:38+00:00,"b'Walaupun pada akhirnya, cinta ji pyeong gak akan pernah sampai di hati dal mi \xf0\x9f\x98\xad\xf0\x9f\x98\xad\xf0\x9f\x98\xad\n#TeamJiPyeong #StartUpEp14 #StartUp'"
418,2020-11-30 06:42:09+00:00,"b'Sblm bener2 tamat gue harap ada scene dmn ada obrolan mendalam antara ji pyeong &amp; dal mi ttg surat2 itu, ttg masa lalu mrk, juga ttg hubungan ji pyeong &amp; haelmoni. Ji pyeong udh prn bilang suka n gk realistis kalo gk terjadi apa2 slma 3 thn. #TeamJiPyeong #StartUpEp14  #StartUp https://t.co/qjYpml0xna'"
419,2020-11-30 06:40:15+00:00,"b'Untuk #StartUpEp14 gw suka pesan2 storylinenya, soal waktu yg belum bisa mengobati, tapi waktulah yang membuat kita semakin dewasa, bisa menerima pendapat, saling jujur dan ambisi kuat bikin hidup ga bosenin. Salute!'"
420,2020-11-30 06:38:49+00:00,b'Di #StartUpEp14 kok bs ya Dalmi ketiduran ngga senderan tanpa kejengkang ke belakang? \xf0\x9f\x98\x82'
421,2020-11-30 06:33:48+00:00,b'Isang Nam Do San lang sa buhay ko. \xf0\x9f\x98\xad \n\n#StartUpEp14 #StartUp #startups https://t.co/9QW6136guf'
422,2020-11-30 06:30:13+00:00,b'Alasan Knp Jipyeong sangat ragu2 adl krn dia gk mau kehilangan dal mi. Dal mi n haelmoni adl tempat yg aman dan hangat baginya. Ji pyeong utk hal ini emang gk mau ambil resiko jd dia trs menahan gejolak di hatinya \xf0\x9f\x98\xad. #TeamJiPyeong #teamhanjipyeong #StartUpEp14 #StartUp https://t.co/avlnx5ygjL'
423,2020-11-30 06:27:44+00:00,"b'*Spoiler* Setelah nonton #StartUpEp14 senenggg bgt karena dosan dalmi masih mau berhubungan baik, karena perkiraanku mereka bakal beneran lost contact. Aku respect sama Jipyeong, profesional, tau mana urusan pribadi sama pekerjaan dia (pas dialog sm Yongsan), keren\xf0\x9f\x91\x8f\xf0\x9f\x91\x8f'"
424,2020-11-30 06:27:00+00:00,b'Pasti tambahan 1 juta lebih followernya berasal dari #Indonesia\n\xf0\x9f\x98\x86\xf0\x9f\xa4\xa3\xf0\x9f\xa4\xad\xe2\x9c\x8c\xef\xb8\x8f\n#KimSeonHo #StartUpEp14 #StartUp #2Days1Night https://t.co/YoHa8ZgicX'
425,2020-11-30 06:25:58+00:00,"b'Ceritanya tentang Dosan, Pak Han tetep sigap ngambilin tissue. \xf0\x9f\x99\x83 #StartUpEp14 #StartUp https://t.co/wl9cPtnK7v'"
426,2020-11-30 06:24:16+00:00,b'Han Ji Pyeong keren bgt disini VALID NO DEBAT NO KECOT !!! ampe #StartUpEp14 aku masih #TeamJiPyeong \xf0\x9f\x98\xad\xf0\x9f\x98\xb1 https://t.co/GKVSv5wxyz'
427,2020-11-30 06:23:28+00:00,b'Boleh tk buat season 2 #StartUpEp14 psl i dengan ji pyeong lak hahaha kesian betul I tengok dia ahahaha'
428,2020-11-30 06:22:48+00:00,b'Pangarap ko maging kasing gaan ni #DalMi! #StartUpEp14 https://t.co/mGXXq86oHW'
429,2020-11-30 06:19:50+00:00,"b'Jalan yg dipilih seseorang tidak pernah salah, yg salah adalah selama perjalanan yang dilalui kita hanya tertuju akan tujuan didepannya tanpa melihat sedikitpun disekitar mu bahkan mungkin lebih indah , #TeamJiPyeong #StartUpEp14 https://t.co/bhup4qriAO'"
430,2020-11-30 06:17:09+00:00,"b'#StartUpEp14 setelah 3 tahun Di SF balik ke Korea,Nam Do San Masih Ada ID card sandbox?'"
431,2020-11-30 06:12:31+00:00,"b'Hallo DILovers! Gimana weekendnya kemarin? Uda pada selesai nntn episode terbarunya #StartUpEp14 ? Btw, sblm itu adakah disini yang masih bingung beda antara #StartUp dgn UKM? Kalau masih bingung yuk simak ulasan berikut! https://t.co/PoM2FFAvLV'"
432,2020-11-30 06:11:15+00:00,"b'Cowo kaya gini tu 1/100 tau ga. Dalmi km keterlaluan, aku ga rela anak baik ini sedih huhu\xf0\x9f\xa5\xba #StartUpEp14 #TeamJiPyeong https://t.co/S58hVd1KWv'"
433,2020-11-30 06:07:55+00:00,"b'Penyelesaian dengan Yong San juga manis banget. Yong San bawa seabrek kartu nama investor, Jipyeong ga merasa terganggu akan hal itu. Terganggunya karena Do San ga bakal balik ke Amrik \xf0\x9f\x98\x82 Ketika Yong San minta pendapat, tetap ngasih pendapat secara profesional \xf0\x9f\x98\xad\n#StartUpEp14'"
434,2020-11-30 06:06:32+00:00,"b'Setidaknya Han Jipyeong sampai ep 14 tetap dalam jalurnya sbg anak baik. Tadinya khawatir writer-nim bakalan bikin Jipyeong jadi egois. Ngaku\xc2\xb2 punya hubungan khusus sama Dal Mi yg bikin Dal Mi ilfil. Tapi ga dong. Setelah kejadian itu, Jipyeong malah nelpon Dal Mi \xf0\x9f\x98\xad\n#StartUpEp14'"
435,2020-11-30 06:05:50+00:00,"b'Terharu banget liat kakak adik ini , makin suka sama dalmi injae di \n#StartUpEP14 https://t.co/PeVEVl78Cb'"
436,2020-11-30 06:04:52+00:00,b'ni couple sengaja diciptakan untuk meredakan emosi #StartUpEp14 https://t.co/XbCXOd8H92'
437,2020-11-30 06:02:47+00:00,b'Patindugan rebolto c Han Ji Pyeong!!! #StartUpEp14 #TeamJiPyeong'
438,2020-11-30 05:56:34+00:00,"b'dah pasrah, dal mi sama dosan atau jipyoeng terserah tvN\nAsal jangan pisahkan mereka aja #StartUp #TeamJiPyeong #TeamDosan #StartUpEp14 #StartUpEp13 https://t.co/cqOKxors4o'"
439,2020-11-30 05:52:19+00:00,"b'Gasuka ya aku kalau eps ini isinya ngena semua, jd bnyak SS an kan\n#StartUpEp14 https://t.co/FoInKRv0MN'"
440,2020-11-30 05:50:22+00:00,"b'#TimDoSan dari awal.\nUdah 100% dari awal, tapi mereka sama sama ga menyadari. \n\n#StartUpEp14 https://t.co/mZKdy3KJRY'"
441,2020-11-30 05:41:01+00:00,b'Jadi sebenernya apa yang terjadi selama 3 tahun sih? Perasaan kok time-lapsenya kayak beda sebulan aja gitu soalnya gak banyak perubahan \xf0\x9f\x98\x82 #StartUpEp14'
442,2020-11-30 05:34:23+00:00,"b'Kalo diliat"" Ji Pyeong - Dal Mi ini ya kakak adek zone aja sih cuma mereka ga nyadar. #StartUpEp14 https://t.co/Ap6Rgb8F2f'"
443,2020-11-30 05:32:46+00:00,"b'Udah deh, Jipyeong sama Injae duo tokoh paling masuk akal. Closing statement Jipyeong di #StartUpEp14 jawara.'"
444,2020-11-30 05:31:41+00:00,b'hoy itong #StartUpEp14 nako talagaaaaaaaaa di ko na alam'
445,2020-11-30 05:31:26+00:00,b'Belom nonton #StartUpEp14'
446,2020-11-30 05:27:55+00:00,b'#StartUpEp14 \n\nMasyado kang good boy Ji Pyeong!!!\n\nTigil mo na yang pagiging martir'
447,2020-11-30 05:27:48+00:00,b'Huhu bakal kangen sama kritik epdasnya pak Han.\n#StartUpEp14 https://t.co/bNfhRMCciu'
448,2020-11-30 05:27:25+00:00,b'Ada yang merasakan?\n\n#StartUpEp14 https://t.co/kYL6lR0vZ4'
449,2020-11-30 05:26:58+00:00,b'Han Jipeong dah dinistain sama writernim-nya.. Yodah kita nistain bareng2 \xf0\x9f\x98\x82\xf0\x9f\x98\xad\n#StartUpEp14 #StartUp #TeamJiPyeong https://t.co/GOMamW9usa'
450,2020-11-30 05:22:34+00:00,"b'Suka banget sama scene ini di #StartUpEp14 dimana Yong-San minta saran ke Ji Pyeong, disitu Ji Pyeong sangat bersikap profesional &amp; menyampingkan urusan pribadi, luv bgt sama Ji Pyeong \xe2\x99\xa1\xe2\x99\xa1.\nTapi diriku gregetan bgt, apa Pak Han tidak ada niatan untuk melirik In Jae?? wkwk https://t.co/9rZbXmLHOA'"
451,2020-11-30 05:16:41+00:00,"b'#StartUpEp14 pantes dibaperin, bagus\xf0\x9f\x98\xad'"
452,2020-11-30 05:15:56+00:00,b'Aku yang berharap lee sung kyung jadi cameo di ending start up episode terakhir biar jadi gandengan Han ji pyeong #TeamJiPyeong  #StartUpEp14'
453,2020-11-30 05:12:57+00:00,b'Mending nntn yg mana dulu ya. \n#StartUpEp14 atau the gifted graduation ending.'
454,2020-11-30 05:12:49+00:00,b'Padahal dari awal titik tumpu ceritanya dia tp dia gk dapet apa\xc2\xb2 selain sakit ati \xf0\x9f\x98\xad\nBerasa di jadikan tumbal sama writernim nya \xf0\x9f\x98\x94\n#TeamJiPyeong\n#\n#StartUpEp14 https://t.co/niwzQYmEp3'
455,2020-11-30 05:05:41+00:00,b'Pepet trossss pak Han. Jangan kasi nam do-san lapakklkk. #HanJiPyeongTeam\n#StartUpEp14 #SeoDalmi https://t.co/5fvMEpkfUz'
456,2020-11-30 05:05:39+00:00,b'gasabar liat  #StartUpEp14 \nyang dosan katanya mo kembali ke korea\xf0\x9f\x94\xaa'
457,2020-11-30 05:03:57+00:00,"b'Han jipyeong ga ngapa2in 3 tahun, karakter2nya ga ada yg improve 3 tahun, aduh mau jadi apa episod minggu depan, mau tamat pula #StartUpEp14'"
458,2020-11-30 05:03:30+00:00,b'Eiii kenapa jipyeong kena tipu dosan camtu #Startupep14'
459,2020-11-30 05:03:10+00:00,"b'Padahal Bias nya adem2 aja,  fans yang malah war wkwkwk\n\n#StartUpEp14 #NamDoSan #HanJiPyeongTeam https://t.co/ejbeR1hQxa https://t.co/IOq4twdoLQ'"
460,2020-11-30 05:01:47+00:00,b'mmff baru sempet nonton\xf0\x9f\x98\xad\xf0\x9f\x92\x94\n#StartUp #StartUpEp14 https://t.co/df3xu36RjW'
461,2020-11-30 05:01:16+00:00,b'SAKIT!!!!!!!! #StartUpEp14'
462,2020-11-30 04:59:51+00:00,b'di eps 14 gue bukan baper sm dosan dalmi tp karakter jipyeong duh smakin bikin jatuh hati\xf0\x9f\x98\xad\xf0\x9f\x98\xad\xf0\x9f\x98\xad\xf0\x9f\x98\xad \n#StartUpEp14'
463,2020-11-30 04:53:38+00:00,b'Namanya 2nd lead ya gituuuu ngenes aja gituuu #StartUpEp14'
464,2020-12-05 16:54:42+00:00,b'He wins a knife fight - but loses something else. Read our latest story at https://t.co/VqaAbdPJvd.'
465,2020-11-30 04:53:04+00:00,b'Tinggal 4 episode nih \nGimana apakah masih bertahan di team masing2 ?Dosan atau kah Jipyoeng ?\n\nTag temenmu guys \xf0\x9f\x98\x81\n\n#StartUp #StartUpEp14 #StartUpEp13 https://t.co/WzLwqXsdlD'
466,2020-11-30 04:52:40+00:00,b'Episode 13 kmrn emg sengaja dibikin jelek kyknya HAHAH hello #StartUpEP14'
467,2020-11-30 04:51:37+00:00,b'The cuteness ... suka banget kisa cinta chulsan and saha \xf0\x9f\x92\x9a #StartUpEp14 https://t.co/06Jw8WDPxv'
468,2020-11-30 04:50:55+00:00,"b'Ang lupit, #StartUpEp14. \xf0\x9f\x94\xa5'"
469,2020-11-30 04:50:10+00:00,"b'Sgt logis ada anak yg memilih berbeda, namun pd akhirnya mrk akan saling sayang itu yg dibilang darah lbh kental dr air. Seo sister \xf0\x9f\x92\x9a #StartUpEp14 https://t.co/TPmDPTwICz'"
470,2020-11-30 04:48:58+00:00,b'Itungan mamak2 mmg jarang meleset \xf0\x9f\x98\x81 #StartUpEp14 ingetin patternnya mak dosan 30-50-70 sisanya ada didiri kita \xf0\x9f\x92\x9a https://t.co/IyaTV6hM1l'
471,2020-11-30 04:48:06+00:00,b'Jipyeong kaga jelas. Mending resign trus buka usaha kue kering kecil2an #StartUpEp14'
472,2020-11-30 04:45:59+00:00,b'lam mo yung tanggap mo naman na hindi #TeamJiPyeong yung ending pero bat ang saket saket ng ep na to ha hahahahahahahaha #StartUpEp14'
473,2020-11-30 04:43:45+00:00,b'kira\xc2\xb2 kalo syuting pengambilan videonya dari jauh gini mereka ngomongin apa ya? gk mungkin kan cuma diem\xc2\xb2 aja  \n#StartUpEp14 #TimDoSan https://t.co/XkD8WDAWtq'
474,2020-11-30 04:40:01+00:00,"b'Setelah ngeliat #StartUpEp14 muncul opini baru selain kemungkinan Nam Do-san meninggal yang sangat kecil, yaitu cameo yg punya peran sebagai wanita baru buat Han Ji-pyeong. Kalo emang ngga ada, sama Seo In-jae juga gapapa sih.'"
475,2020-11-30 04:35:52+00:00,b'Nam do san lang malakas.  \xf0\x9f\x98\x89\xf0\x9f\x92\xaa\n#StartUpEp14 https://t.co/uiRnmEkBz3'
476,2020-11-30 04:34:48+00:00,"b'Setelah nonton #StartUpEp13 yg tiba2 terlalu cepat alurnya bikin males nonton, akhirnya #StartUpEp14 sudah kembali normal sama karakter pemainnya masing2 .'"
477,2020-11-30 04:33:43+00:00,"b'saya kecewa atas kinerja Ji Pyeong selama 3 tahun yang tidak merubah apa apa selain gaya rambut nya dan di promosikan nya dia menjadi direktur, saya memutuskan untuk undur diri dari #TeamJiPyong dan beralih mendukung kesuksesan Injae Company x Samsan Tech.\n#StartUpEp14 https://t.co/hYj9hgEejy'"
478,2020-11-30 04:32:04+00:00,"b'#StartUpEP14\nDi kala perusahaan Injae berusaha menciptakan teknologi untuk memangkas kebutuhan SDM, perusahaan Dalmi berusaha membuat teknologi yg memudahkan pengguna, tanpa menghilangkan pengguna itu sendiri'"
479,2020-11-30 04:30:59+00:00,"b'#StartUpEp14 makin boring, makin menye menye, udah ketebak endingnya, ga ada plot twist. Masih ngandelin drama second lead sih'"
480,2020-11-30 04:30:27+00:00,"b'Sebagai Tim Han Jipyeong, frustasi aku lak wes gendong-gendongan ngeneki. Lahhhh #StartUpEp14 https://t.co/rYJBwfJvph'"
481,2020-11-30 04:30:15+00:00,b'jodoh dalmi ada ditangan writernya bund\xf0\x9f\x99\x83#StartUpEp14'
482,2020-11-30 04:29:27+00:00,"b'gantenk sieh tpi pembohonk\xf0\x9f\xa5\xb0kalau muk ngaku ngaku punya hubungan, hrus x sama ak aj donk jipyeong\xf0\x9f\xa5\xb0\n#StartUpEp14 https://t.co/apk7mS7HKC'"
483,2020-11-30 04:27:35+00:00,b'Aku cukup dikasih senyum manis kayak gini aja udah seneng kok. Bertahan nonton karena cuma #hanjipyeong yang bikin betah. \xf0\x9f\x98\x84\xf0\x9f\x98\x84\n\n#StartUpEp14 \n#dosan\n#dalmi\n#kimseonho https://t.co/RYdYOVL80Z'
484,2020-11-30 04:27:25+00:00,b'Chulsan - Saha for the ultimate uwu \xf0\x9f\x91\x8c\xf0\x9f\x8f\xbb\n#StartUpEp14'
485,2020-11-30 04:25:30+00:00,b'Ji Pyeong Best Boy \xf0\x9f\x92\x97\n#StartUpEp14 https://t.co/IvPf6nWNiQ'
486,2020-11-30 04:22:34+00:00,"b'Sisa 2 eps, w masih ngarep ada spinoff ttg injae\xf0\x9f\x98\xad Karakter injae kan powerfull, sayang kalo ga dibahas. Duh gmna ya 3 tahun baru tau neneknya hampir buta tuh gmn ceritanya. Kok baru dikasih tau tu gmn sik:( wkwkwkwk\n#StartUpEp14\nhttps://t.co/QnPtSM9UZa'"
487,2020-11-30 04:21:36+00:00,b'di #StartUpEp14 jadi agak sedikit dukung dodal. tapi ttp #TimJipyeong garis keras \xf0\x9f\x99\x82'
488,2020-11-30 04:19:30+00:00,b'Aku nonton #StartUpEp14 . dahlah wkwkwkw'
489,2020-11-30 04:18:23+00:00,"b'Aku yg dari awal udh stand banget sama Han Ji Pyeong emg udh suka bgt sm karakternya yg dewasa dan kuat, straightforward kalo ngomong, mandiri, tulus, penyayang, perhatian, bijaksana, &amp; pekerja keras bgt.\nJujur agak sedih sih klo nanti endingnya ga sm Dal Mi \xf0\x9f\xa5\xba\xf0\x9f\x98\xa2\n#StartUpEp14 https://t.co/zvcwyjOZ9F'"
490,2020-11-30 04:17:45+00:00,"b""Iya apasih yg kamu lakuin pak han? Udah nyerah aja gausah makin gencer rebutan dalmi nya. Kamu bisa bahagia dijalanmu sendiri kok \xf0\x9f\xa5\xba\nNyari penyakit gw emg nge ship ama second lead gini :')\n#StartUpEp14 https://t.co/7TwfQL2OKU"""
491,2020-11-30 04:17:22+00:00,"b'Scene paling bikin merinding! bangga aku jadi #TeamJipyeong sejak awal tayang. No oleng oleng club, malah makin sayang sama karakternya pak Han\xf0\x9f\x98\xad\xe2\x9d\xa4\xef\xb8\x8f\n#StartUpEp14 https://t.co/nZi3MFcygo'"
492,2020-11-30 04:16:40+00:00,"b'Kalau endingnya emg gk sama Dalmi, tolong dong jangan kasi harapan\xf0\x9f\x98\xad\xf0\x9f\x98\xad\xf0\x9f\x98\xad\n\n#StartUpEp14 https://t.co/3t63NfVQqV'"
493,2020-11-30 04:15:54+00:00,"b'Setelah nonton #StartUpEp14 aku sudah gak peduli ending. Karena semua terlihat baik-baik aja. Tarzan bakal dapet investor, Samsan Tech bersama lagi karena pada balik Korea, DoDal akan bersatu selamanya. Happy ending yang diinginkan semua orang kan ya.'"
494,2020-11-30 04:15:09+00:00,b'REAL LIFE bgt sumpah! \xf0\x9f\xa5\xb2 #StartUpEp14 https://t.co/5RvQT2H0MA'
495,2020-11-30 04:13:56+00:00,b'Kenapa pada pindah jadi tim dosan sih... mentang2 udah sukses #StartUpEp14 \xf0\x9f\x98\x91'
496,2020-11-30 04:13:51+00:00,b'sumpahh ini episode 14 campur adukk bngtt rasanya \xf0\x9f\x98\xad\xf0\x9f\x98\xad\xf0\x9f\x91\x8d\n#StartUpEp14 \n#TimDoSan https://t.co/sukEnSRPUr'
497,2020-11-30 04:12:30+00:00,"b'Lagi rame bahas #StartUpEp14 ya, buat yang mau dengerin obrolan tongkrongan anak startup bisa nih dengerin OKR di Spotify, hari ini bakal rilis episode baru loh\xf0\x9f\x98\x83\n\nhttps://t.co/KxUsCVC2Pt'"
498,2020-11-30 04:10:13+00:00,b'Selama ni jipyeong yg dtg kat dalmi bila jadi pape tapi dalmi tetap cari dosan. Nampak tak? Kenapa selama 3 tahun tu dia tak buat pape? Sedangkan dosan tak ckp langsung dgn dalmi? Arghhhhh benci jipyeong! #StartUpEp14 #TeamDosan'
499,2020-11-30 04:09:09+00:00,b'mencoba mengikhlaskan dalmi ama dosan #StartUpEp14'
500,2020-11-30 04:08:39+00:00,b'Rupok nyo sobra dosan &amp; dalmi #StartUpEp14'
